file,line,type,commit,author,date,time,timezone,datetime,depth,length
style.css,1,css,7b295c2c,ryansen,2025-02-08,05:11:49,-08:00,2025-02-08T05:11:49-08:00,0,6
style.css,2,css,fb05d569,ryansen,2025-01-17,21:50:55,-08:00,2025-01-17T21:50:55-08:00,0,22
style.css,3,css,7b295c2c,ryansen,2025-02-08,05:11:49,-08:00,2025-02-08T05:11:49-08:00,0,40
style.css,4,css,7b295c2c,ryansen,2025-02-08,05:11:49,-08:00,2025-02-08T05:11:49-08:00,0,0
style.css,5,css,7b295c2c,ryansen,2025-02-08,05:11:49,-08:00,2025-02-08T05:11:49-08:00,0,0
style.css,6,css,7b295c2c,ryansen,2025-02-08,05:11:49,-08:00,2025-02-08T05:11:49-08:00,0,5
style.css,7,css,ffdd8eb3,ryansen,2025-01-24,23:45:37,-08:00,2025-01-24T23:45:37-08:00,0,24
style.css,8,css,fb05d569,ryansen,2025-01-17,21:50:55,-08:00,2025-01-17T21:50:55-08:00,0,0
style.css,9,css,fb05d569,ryansen,2025-01-17,21:50:55,-08:00,2025-01-17T21:50:55-08:00,0,0
style.css,10,css,abcf73b5,ryansen,2025-01-10,01:31:44,-08:00,2025-01-10T01:31:44-08:00,0,5
style.css,11,css,70d80007,ryansen,2025-01-16,23:05:34,-08:00,2025-01-16T23:05:34-08:00,0,16
style.css,12,css,abcf73b5,ryansen,2025-01-10,01:31:44,-08:00,2025-01-10T01:31:44-08:00,0,24
style.css,13,css,70d80007,ryansen,2025-01-16,23:05:34,-08:00,2025-01-16T23:05:34-08:00,0,19
style.css,14,css,ffdd8eb3,ryansen,2025-01-24,23:45:37,-08:00,2025-01-24T23:45:37-08:00,0,13
style.css,15,css,ffdd8eb3,ryansen,2025-01-24,23:45:37,-08:00,2025-01-24T23:45:37-08:00,0,0
style.css,16,css,e4c281ed,ryansen,2025-01-16,23:33:24,-08:00,2025-01-16T23:33:24-08:00,0,0
style.css,17,css,e4c281ed,ryansen,2025-01-16,23:33:24,-08:00,2025-01-16T23:33:24-08:00,0,4
style.css,18,css,e4c281ed,ryansen,2025-01-16,23:33:24,-08:00,2025-01-16T23:33:24-08:00,0,13
style.css,19,css,e4c281ed,ryansen,2025-01-16,23:33:24,-08:00,2025-01-16T23:33:24-08:00,0,0
style.css,20,css,e4c281ed,ryansen,2025-01-16,23:33:24,-08:00,2025-01-16T23:33:24-08:00,0,0
style.css,21,css,e4c281ed,ryansen,2025-01-16,23:33:24,-08:00,2025-01-16T23:33:24-08:00,0,6
style.css,22,css,e4c281ed,ryansen,2025-01-16,23:33:24,-08:00,2025-01-16T23:33:24-08:00,0,7
style.css,23,css,e4c281ed,ryansen,2025-01-16,23:33:24,-08:00,2025-01-16T23:33:24-08:00,0,18
style.css,24,css,e4c281ed,ryansen,2025-01-16,23:33:24,-08:00,2025-01-16T23:33:24-08:00,0,21
style.css,25,css,e99a0ad3,ryansen,2025-01-17,19:41:48,-08:00,2025-01-17T19:41:48-08:00,0,14
style.css,26,css,e99a0ad3,ryansen,2025-01-17,19:41:48,-08:00,2025-01-17T19:41:48-08:00,0,14
style.css,27,css,e99a0ad3,ryansen,2025-01-17,19:41:48,-08:00,2025-01-17T19:41:48-08:00,0,19
style.css,28,css,7b295c2c,ryansen,2025-02-08,05:11:49,-08:00,2025-02-08T05:11:49-08:00,0,44
style.css,29,css,e4c281ed,ryansen,2025-01-16,23:33:24,-08:00,2025-01-16T23:33:24-08:00,0,0
style.css,30,css,e4c281ed,ryansen,2025-01-16,23:33:24,-08:00,2025-01-16T23:33:24-08:00,0,0
style.css,31,css,e4c281ed,ryansen,2025-01-16,23:33:24,-08:00,2025-01-16T23:33:24-08:00,0,14
style.css,32,css,7b295c2c,ryansen,2025-02-08,05:11:49,-08:00,2025-02-08T05:11:49-08:00,0,17
style.css,33,css,7b295c2c,ryansen,2025-02-08,05:11:49,-08:00,2025-02-08T05:11:49-08:00,0,12
style.css,34,css,7b295c2c,ryansen,2025-02-08,05:11:49,-08:00,2025-02-08T05:11:49-08:00,0,46
style.css,35,css,ef449a5b,ryansen,2025-01-17,20:01:00,-08:00,2025-01-17T20:01:00-08:00,0,19
style.css,36,css,e4c281ed,ryansen,2025-01-16,23:33:24,-08:00,2025-01-16T23:33:24-08:00,0,0
style.css,37,css,e4c281ed,ryansen,2025-01-16,23:33:24,-08:00,2025-01-16T23:33:24-08:00,0,0
style.css,38,css,e4c281ed,ryansen,2025-01-16,23:33:24,-08:00,2025-01-16T23:33:24-08:00,0,12
style.css,39,css,ffdd8eb3,ryansen,2025-01-24,23:45:37,-08:00,2025-01-24T23:45:37-08:00,0,70
style.css,40,css,d4e12869,ryansen,2025-01-17,21:54:53,-08:00,2025-01-17T21:54:53-08:00,0,40
style.css,41,css,2372b1f2,ryansen,2025-01-17,22:15:56,-08:00,2025-01-17T22:15:56-08:00,0,0
style.css,42,css,2372b1f2,ryansen,2025-01-17,22:15:56,-08:00,2025-01-17T22:15:56-08:00,0,0
style.css,43,css,7b295c2c,ryansen,2025-02-08,05:11:49,-08:00,2025-02-08T05:11:49-08:00,0,22
style.css,44,css,7b295c2c,ryansen,2025-02-08,05:11:49,-08:00,2025-02-08T05:11:49-08:00,0,19
style.css,45,css,7b295c2c,ryansen,2025-02-08,05:11:49,-08:00,2025-02-08T05:11:49-08:00,0,15
style.css,46,css,7b295c2c,ryansen,2025-02-08,05:11:49,-08:00,2025-02-08T05:11:49-08:00,0,17
style.css,47,css,7b295c2c,ryansen,2025-02-08,05:11:49,-08:00,2025-02-08T05:11:49-08:00,0,0
style.css,48,css,7b295c2c,ryansen,2025-02-08,05:11:49,-08:00,2025-02-08T05:11:49-08:00,0,0
style.css,49,css,7b295c2c,ryansen,2025-02-08,05:11:49,-08:00,2025-02-08T05:11:49-08:00,0,28
style.css,50,css,7b295c2c,ryansen,2025-02-08,05:11:49,-08:00,2025-02-08T05:11:49-08:00,0,37
style.css,51,css,7b295c2c,ryansen,2025-02-08,05:11:49,-08:00,2025-02-08T05:11:49-08:00,0,12
style.css,52,css,7b295c2c,ryansen,2025-02-08,05:11:49,-08:00,2025-02-08T05:11:49-08:00,0,0
style.css,53,css,7b295c2c,ryansen,2025-02-08,05:11:49,-08:00,2025-02-08T05:11:49-08:00,0,0
style.css,54,css,7b295c2c,ryansen,2025-02-08,05:11:49,-08:00,2025-02-08T05:11:49-08:00,0,22
style.css,55,css,7b295c2c,ryansen,2025-02-08,05:11:49,-08:00,2025-02-08T05:11:49-08:00,0,5
style.css,56,css,7b295c2c,ryansen,2025-02-08,05:11:49,-08:00,2025-02-08T05:11:49-08:00,0,17
style.css,57,css,7b295c2c,ryansen,2025-02-08,05:11:49,-08:00,2025-02-08T05:11:49-08:00,0,15
style.css,58,css,2372b1f2,ryansen,2025-01-17,22:15:56,-08:00,2025-01-17T22:15:56-08:00,0,0
style.css,59,css,2372b1f2,ryansen,2025-01-17,22:15:56,-08:00,2025-01-17T22:15:56-08:00,0,0
style.css,60,css,7b295c2c,ryansen,2025-02-08,05:11:49,-08:00,2025-02-08T05:11:49-08:00,0,40
style.css,61,css,7b295c2c,ryansen,2025-02-08,05:11:49,-08:00,2025-02-08T05:11:49-08:00,0,10
style.css,62,css,7b295c2c,ryansen,2025-02-08,05:11:49,-08:00,2025-02-08T05:11:49-08:00,0,27
style.css,63,css,7b295c2c,ryansen,2025-02-08,05:11:49,-08:00,2025-02-08T05:11:49-08:00,0,0
style.css,64,css,7b295c2c,ryansen,2025-02-08,05:11:49,-08:00,2025-02-08T05:11:49-08:00,0,0
style.css,65,css,7b295c2c,ryansen,2025-02-08,05:11:49,-08:00,2025-02-08T05:11:49-08:00,0,15
style.css,66,css,7b295c2c,ryansen,2025-02-08,05:11:49,-08:00,2025-02-08T05:11:49-08:00,0,18
style.css,67,css,2372b1f2,ryansen,2025-01-17,22:15:56,-08:00,2025-01-17T22:15:56-08:00,0,0
style.css,68,css,2372b1f2,ryansen,2025-01-17,22:15:56,-08:00,2025-01-17T22:15:56-08:00,0,0
style.css,69,css,7b295c2c,ryansen,2025-02-08,05:11:49,-08:00,2025-02-08T05:11:49-08:00,0,13
style.css,70,css,7b295c2c,ryansen,2025-02-08,05:11:49,-08:00,2025-02-08T05:11:49-08:00,0,17
style.css,71,css,7b295c2c,ryansen,2025-02-08,05:11:49,-08:00,2025-02-08T05:11:49-08:00,0,26
style.css,72,css,7b295c2c,ryansen,2025-02-08,05:11:49,-08:00,2025-02-08T05:11:49-08:00,0,19
style.css,73,css,7b295c2c,ryansen,2025-02-08,05:11:49,-08:00,2025-02-08T05:11:49-08:00,0,0
style.css,74,css,375e4c6b,ryansen,2025-01-17,22:33:34,-08:00,2025-01-17T22:33:34-08:00,0,0
style.css,75,css,7b295c2c,ryansen,2025-02-08,05:11:49,-08:00,2025-02-08T05:11:49-08:00,0,19
style.css,76,css,7b295c2c,ryansen,2025-02-08,05:11:49,-08:00,2025-02-08T05:11:49-08:00,0,8
style.css,77,css,7b295c2c,ryansen,2025-02-08,05:11:49,-08:00,2025-02-08T05:11:49-08:00,0,13
style.css,78,css,7b295c2c,ryansen,2025-02-08,05:11:49,-08:00,2025-02-08T05:11:49-08:00,0,15
style.css,79,css,7b295c2c,ryansen,2025-02-08,05:11:49,-08:00,2025-02-08T05:11:49-08:00,0,9
style.css,80,css,7b295c2c,ryansen,2025-02-08,05:11:49,-08:00,2025-02-08T05:11:49-08:00,0,23
style.css,81,css,7b295c2c,ryansen,2025-02-08,05:11:49,-08:00,2025-02-08T05:11:49-08:00,0,10
style.css,82,css,7b295c2c,ryansen,2025-02-08,05:11:49,-08:00,2025-02-08T05:11:49-08:00,0,21
style.css,83,css,7b295c2c,ryansen,2025-02-08,05:11:49,-08:00,2025-02-08T05:11:49-08:00,0,0
style.css,84,css,7b295c2c,ryansen,2025-02-08,05:11:49,-08:00,2025-02-08T05:11:49-08:00,0,0
style.css,85,css,7b295c2c,ryansen,2025-02-08,05:11:49,-08:00,2025-02-08T05:11:49-08:00,0,11
style.css,86,css,7b295c2c,ryansen,2025-02-08,05:11:49,-08:00,2025-02-08T05:11:49-08:00,0,13
style.css,87,css,7b295c2c,ryansen,2025-02-08,05:11:49,-08:00,2025-02-08T05:11:49-08:00,0,19
style.css,88,css,7b295c2c,ryansen,2025-02-08,05:11:49,-08:00,2025-02-08T05:11:49-08:00,0,8
style.css,89,css,7b295c2c,ryansen,2025-02-08,05:11:49,-08:00,2025-02-08T05:11:49-08:00,0,0
style.css,90,css,7b295c2c,ryansen,2025-02-08,05:11:49,-08:00,2025-02-08T05:11:49-08:00,0,0
style.css,91,css,7b295c2c,ryansen,2025-02-08,05:11:49,-08:00,2025-02-08T05:11:49-08:00,0,16
style.css,92,css,7b295c2c,ryansen,2025-02-08,05:11:49,-08:00,2025-02-08T05:11:49-08:00,0,11
style.css,93,css,7b295c2c,ryansen,2025-02-08,05:11:49,-08:00,2025-02-08T05:11:49-08:00,0,12
style.css,94,css,7b295c2c,ryansen,2025-02-08,05:11:49,-08:00,2025-02-08T05:11:49-08:00,0,21
style.css,95,css,7b295c2c,ryansen,2025-02-08,05:11:49,-08:00,2025-02-08T05:11:49-08:00,0,18
style.css,96,css,7b295c2c,ryansen,2025-02-08,05:11:49,-08:00,2025-02-08T05:11:49-08:00,0,30
style.css,97,css,bc1691fb,ryansen,2025-01-17,22:45:58,-08:00,2025-01-17T22:45:58-08:00,0,0
style.css,98,css,bc1691fb,ryansen,2025-01-17,22:45:58,-08:00,2025-01-17T22:45:58-08:00,0,0
style.css,99,css,bc1691fb,ryansen,2025-01-17,22:45:58,-08:00,2025-01-17T22:45:58-08:00,0,10
style.css,100,css,bc1691fb,ryansen,2025-01-17,22:45:58,-08:00,2025-01-17T22:45:58-08:00,0,13
style.css,101,css,7b295c2c,ryansen,2025-02-08,05:11:49,-08:00,2025-02-08T05:11:49-08:00,0,81
style.css,102,css,7b295c2c,ryansen,2025-02-08,05:11:49,-08:00,2025-02-08T05:11:49-08:00,0,30
style.css,103,css,7b295c2c,ryansen,2025-02-08,05:11:49,-08:00,2025-02-08T05:11:49-08:00,0,49
style.css,104,css,bc1691fb,ryansen,2025-01-17,22:45:58,-08:00,2025-01-17T22:45:58-08:00,0,0
style.css,105,css,bc1691fb,ryansen,2025-01-17,22:45:58,-08:00,2025-01-17T22:45:58-08:00,0,0
style.css,106,css,7b295c2c,ryansen,2025-02-08,05:11:49,-08:00,2025-02-08T05:11:49-08:00,0,22
style.css,107,css,7b295c2c,ryansen,2025-02-08,05:11:49,-08:00,2025-02-08T05:11:49-08:00,0,19
style.css,108,css,7b295c2c,ryansen,2025-02-08,05:11:49,-08:00,2025-02-08T05:11:49-08:00,0,15
style.css,109,css,7b295c2c,ryansen,2025-02-08,05:11:49,-08:00,2025-02-08T05:11:49-08:00,0,17
style.css,110,css,ffdd8eb3,ryansen,2025-01-24,23:45:37,-08:00,2025-01-24T23:45:37-08:00,0,0
style.css,111,css,ffdd8eb3,ryansen,2025-01-24,23:45:37,-08:00,2025-01-24T23:45:37-08:00,0,0
style.css,112,css,7b295c2c,ryansen,2025-02-08,05:11:49,-08:00,2025-02-08T05:11:49-08:00,0,28
style.css,113,css,7b295c2c,ryansen,2025-02-08,05:11:49,-08:00,2025-02-08T05:11:49-08:00,0,37
style.css,114,css,7b295c2c,ryansen,2025-02-08,05:11:49,-08:00,2025-02-08T05:11:49-08:00,0,12
style.css,115,css,ffdd8eb3,ryansen,2025-01-24,23:45:37,-08:00,2025-01-24T23:45:37-08:00,0,0
style.css,116,css,7b295c2c,ryansen,2025-02-08,05:11:49,-08:00,2025-02-08T05:11:49-08:00,0,0
style.css,117,css,7b295c2c,ryansen,2025-02-08,05:11:49,-08:00,2025-02-08T05:11:49-08:00,0,22
style.css,118,css,7b295c2c,ryansen,2025-02-08,05:11:49,-08:00,2025-02-08T05:11:49-08:00,0,5
style.css,119,css,7b295c2c,ryansen,2025-02-08,05:11:49,-08:00,2025-02-08T05:11:49-08:00,0,17
style.css,120,css,7b295c2c,ryansen,2025-02-08,05:11:49,-08:00,2025-02-08T05:11:49-08:00,0,15
style.css,121,css,72ac3a58,ryansen,2025-02-01,22:04:24,-08:00,2025-02-01T22:04:24-08:00,0,0
style.css,122,css,72ac3a58,ryansen,2025-02-01,22:04:24,-08:00,2025-02-01T22:04:24-08:00,0,0
style.css,123,css,7b295c2c,ryansen,2025-02-08,05:11:49,-08:00,2025-02-08T05:11:49-08:00,0,40
style.css,124,css,7b295c2c,ryansen,2025-02-08,05:11:49,-08:00,2025-02-08T05:11:49-08:00,0,10
style.css,125,css,7b295c2c,ryansen,2025-02-08,05:11:49,-08:00,2025-02-08T05:11:49-08:00,0,27
style.css,126,css,7b295c2c,ryansen,2025-02-08,05:11:49,-08:00,2025-02-08T05:11:49-08:00,0,0
style.css,127,css,7b295c2c,ryansen,2025-02-08,05:11:49,-08:00,2025-02-08T05:11:49-08:00,0,0
style.css,128,css,7b295c2c,ryansen,2025-02-08,05:11:49,-08:00,2025-02-08T05:11:49-08:00,0,15
style.css,129,css,7b295c2c,ryansen,2025-02-08,05:11:49,-08:00,2025-02-08T05:11:49-08:00,0,29
style.css,130,css,7b295c2c,ryansen,2025-02-08,05:11:49,-08:00,2025-02-08T05:11:49-08:00,0,0
style.css,131,css,7b295c2c,ryansen,2025-02-08,05:11:49,-08:00,2025-02-08T05:11:49-08:00,0,0
style.css,132,css,7b295c2c,ryansen,2025-02-08,05:11:49,-08:00,2025-02-08T05:11:49-08:00,0,13
style.css,133,css,72ac3a58,ryansen,2025-02-01,22:04:24,-08:00,2025-02-01T22:04:24-08:00,0,17
style.css,134,css,7b295c2c,ryansen,2025-02-08,05:11:49,-08:00,2025-02-08T05:11:49-08:00,0,26
style.css,135,css,7b295c2c,ryansen,2025-02-08,05:11:49,-08:00,2025-02-08T05:11:49-08:00,0,19
style.css,136,css,7b295c2c,ryansen,2025-02-08,05:11:49,-08:00,2025-02-08T05:11:49-08:00,0,0
style.css,137,css,d42c3ad7,ryansen,2025-02-08,02:00:58,-08:00,2025-02-08T02:00:58-08:00,0,0
style.css,138,css,7b295c2c,ryansen,2025-02-08,05:11:49,-08:00,2025-02-08T05:11:49-08:00,0,19
style.css,139,css,7b295c2c,ryansen,2025-02-08,05:11:49,-08:00,2025-02-08T05:11:49-08:00,0,8
style.css,140,css,7b295c2c,ryansen,2025-02-08,05:11:49,-08:00,2025-02-08T05:11:49-08:00,0,13
style.css,141,css,7b295c2c,ryansen,2025-02-08,05:11:49,-08:00,2025-02-08T05:11:49-08:00,0,15
style.css,142,css,7b295c2c,ryansen,2025-02-08,05:11:49,-08:00,2025-02-08T05:11:49-08:00,0,9
style.css,143,css,7b295c2c,ryansen,2025-02-08,05:11:49,-08:00,2025-02-08T05:11:49-08:00,0,23
style.css,144,css,7b295c2c,ryansen,2025-02-08,05:11:49,-08:00,2025-02-08T05:11:49-08:00,0,10
style.css,145,css,7b295c2c,ryansen,2025-02-08,05:11:49,-08:00,2025-02-08T05:11:49-08:00,0,21
style.css,146,css,7b295c2c,ryansen,2025-02-08,05:11:49,-08:00,2025-02-08T05:11:49-08:00,0,0
style.css,147,css,7b295c2c,ryansen,2025-02-08,05:11:49,-08:00,2025-02-08T05:11:49-08:00,0,0
style.css,148,css,7b295c2c,ryansen,2025-02-08,05:11:49,-08:00,2025-02-08T05:11:49-08:00,0,11
style.css,149,css,7b295c2c,ryansen,2025-02-08,05:11:49,-08:00,2025-02-08T05:11:49-08:00,0,13
style.css,150,css,7b295c2c,ryansen,2025-02-08,05:11:49,-08:00,2025-02-08T05:11:49-08:00,0,19
style.css,151,css,7b295c2c,ryansen,2025-02-08,05:11:49,-08:00,2025-02-08T05:11:49-08:00,0,8
style.css,152,css,7b295c2c,ryansen,2025-02-08,05:11:49,-08:00,2025-02-08T05:11:49-08:00,0,15
style.css,153,css,d42c3ad7,ryansen,2025-02-08,02:00:58,-08:00,2025-02-08T02:00:58-08:00,0,0
style.css,154,css,d42c3ad7,ryansen,2025-02-08,02:00:58,-08:00,2025-02-08T02:00:58-08:00,0,0
style.css,155,css,7b295c2c,ryansen,2025-02-08,05:11:49,-08:00,2025-02-08T05:11:49-08:00,0,16
style.css,156,css,7b295c2c,ryansen,2025-02-08,05:11:49,-08:00,2025-02-08T05:11:49-08:00,0,11
style.css,157,css,7b295c2c,ryansen,2025-02-08,05:11:49,-08:00,2025-02-08T05:11:49-08:00,0,12
style.css,158,css,7b295c2c,ryansen,2025-02-08,05:11:49,-08:00,2025-02-08T05:11:49-08:00,0,21
style.css,159,css,7b295c2c,ryansen,2025-02-08,05:11:49,-08:00,2025-02-08T05:11:49-08:00,0,18
style.css,160,css,7b295c2c,ryansen,2025-02-08,05:11:49,-08:00,2025-02-08T05:11:49-08:00,0,30
style.css,161,css,d42c3ad7,ryansen,2025-02-08,02:00:58,-08:00,2025-02-08T02:00:58-08:00,0,0
index.js,1,js,72ac3a58,ryansen,2025-02-01,22:04:24,-08:00,2025-02-01T22:04:24-08:00,0,72
index.js,2,js,72ac3a58,ryansen,2025-02-01,22:04:24,-08:00,2025-02-01T22:04:24-08:00,0,19
index.js,3,js,72ac3a58,ryansen,2025-02-01,22:04:24,-08:00,2025-02-01T22:04:24-08:00,0,4
index.js,4,js,72ac3a58,ryansen,2025-02-01,22:04:24,-08:00,2025-02-01T22:04:24-08:00,0,35
index.js,5,js,72ac3a58,ryansen,2025-02-01,22:04:24,-08:00,2025-02-01T22:04:24-08:00,0,61
index.js,6,js,72ac3a58,ryansen,2025-02-01,22:04:24,-08:00,2025-02-01T22:04:24-08:00,0,24
index.js,7,js,72ac3a58,ryansen,2025-02-01,22:04:24,-08:00,2025-02-01T22:04:24-08:00,0,46
index.js,8,js,72ac3a58,ryansen,2025-02-01,22:04:24,-08:00,2025-02-01T22:04:24-08:00,0,6
index.js,9,js,72ac3a58,ryansen,2025-02-01,22:04:24,-08:00,2025-02-01T22:04:24-08:00,0,0
index.js,10,js,72ac3a58,ryansen,2025-02-01,22:04:24,-08:00,2025-02-01T22:04:24-08:00,0,0
index.js,11,js,72ac3a58,ryansen,2025-02-01,22:04:24,-08:00,2025-02-01T22:04:24-08:00,0,21
index.js,12,js,72ac3a58,ryansen,2025-02-01,22:04:24,-08:00,2025-02-01T22:04:24-08:00,0,55
index.js,13,js,72ac3a58,ryansen,2025-02-01,22:04:24,-08:00,2025-02-01T22:04:24-08:00,0,59
index.js,14,js,72ac3a58,ryansen,2025-02-01,22:04:24,-08:00,2025-02-01T22:04:24-08:00,0,0
index.js,15,js,72ac3a58,ryansen,2025-02-01,22:04:24,-08:00,2025-02-01T22:04:24-08:00,0,45
index.js,16,js,72ac3a58,ryansen,2025-02-01,22:04:24,-08:00,2025-02-01T22:04:24-08:00,0,40
index.js,17,js,72ac3a58,ryansen,2025-02-01,22:04:24,-08:00,2025-02-01T22:04:24-08:00,0,55
index.js,18,js,72ac3a58,ryansen,2025-02-01,22:04:24,-08:00,2025-02-01T22:04:24-08:00,0,62
index.js,19,js,72ac3a58,ryansen,2025-02-01,22:04:24,-08:00,2025-02-01T22:04:24-08:00,0,6
index.js,20,js,72ac3a58,ryansen,2025-02-01,22:04:24,-08:00,2025-02-01T22:04:24-08:00,0,0
index.js,21,js,72ac3a58,ryansen,2025-02-01,22:04:24,-08:00,2025-02-01T22:04:24-08:00,0,0
index.js,22,js,72ac3a58,ryansen,2025-02-01,22:04:24,-08:00,2025-02-01T22:04:24-08:00,0,26
index.js,23,js,72ac3a58,ryansen,2025-02-01,22:04:24,-08:00,2025-02-01T22:04:24-08:00,0,43
index.js,24,js,72ac3a58,ryansen,2025-02-01,22:04:24,-08:00,2025-02-01T22:04:24-08:00,0,64
index.js,25,js,72ac3a58,ryansen,2025-02-01,22:04:24,-08:00,2025-02-01T22:04:24-08:00,0,0
index.js,26,js,72ac3a58,ryansen,2025-02-01,22:04:24,-08:00,2025-02-01T22:04:24-08:00,0,21
index.js,27,js,72ac3a58,ryansen,2025-02-01,22:04:24,-08:00,2025-02-01T22:04:24-08:00,0,55
index.js,28,js,72ac3a58,ryansen,2025-02-01,22:04:24,-08:00,2025-02-01T22:04:24-08:00,0,16
index.js,29,js,72ac3a58,ryansen,2025-02-01,22:04:24,-08:00,2025-02-01T22:04:24-08:00,0,61
index.js,30,js,72ac3a58,ryansen,2025-02-01,22:04:24,-08:00,2025-02-01T22:04:24-08:00,0,0
index.js,31,js,72ac3a58,ryansen,2025-02-01,22:04:24,-08:00,2025-02-01T22:04:24-08:00,0,4
index.js,32,js,72ac3a58,ryansen,2025-02-01,22:04:24,-08:00,2025-02-01T22:04:24-08:00,0,0
index.js,33,js,72ac3a58,ryansen,2025-02-01,22:04:24,-08:00,2025-02-01T22:04:24-08:00,0,51
index.js,34,js,72ac3a58,ryansen,2025-02-01,22:04:24,-08:00,2025-02-01T22:04:24-08:00,0,0
index.js,35,js,72ac3a58,ryansen,2025-02-01,22:04:24,-08:00,2025-02-01T22:04:24-08:00,0,61
index.js,36,js,72ac3a58,ryansen,2025-02-01,22:04:24,-08:00,2025-02-01T22:04:24-08:00,0,0
index.js,37,js,72ac3a58,ryansen,2025-02-01,22:04:24,-08:00,2025-02-01T22:04:24-08:00,0,18
index.js,38,js,72ac3a58,ryansen,2025-02-01,22:04:24,-08:00,2025-02-01T22:04:24-08:00,0,25
index.js,39,js,72ac3a58,ryansen,2025-02-01,22:04:24,-08:00,2025-02-01T22:04:24-08:00,0,3
index.js,40,js,72ac3a58,ryansen,2025-02-01,22:04:24,-08:00,2025-02-01T22:04:24-08:00,0,56
index.js,41,js,72ac3a58,ryansen,2025-02-01,22:04:24,-08:00,2025-02-01T22:04:24-08:00,0,56
index.js,42,js,72ac3a58,ryansen,2025-02-01,22:04:24,-08:00,2025-02-01T22:04:24-08:00,0,50
index.js,43,js,72ac3a58,ryansen,2025-02-01,22:04:24,-08:00,2025-02-01T22:04:24-08:00,0,50
index.js,44,js,72ac3a58,ryansen,2025-02-01,22:04:24,-08:00,2025-02-01T22:04:24-08:00,0,4
index.js,45,js,72ac3a58,ryansen,2025-02-01,22:04:24,-08:00,2025-02-01T22:04:24-08:00,0,1
index.js,46,js,72ac3a58,ryansen,2025-02-01,22:04:24,-08:00,2025-02-01T22:04:24-08:00,0,0
index.js,47,js,72ac3a58,ryansen,2025-02-01,22:04:24,-08:00,2025-02-01T22:04:24-08:00,0,0
index.js,48,js,72ac3a58,ryansen,2025-02-01,22:04:24,-08:00,2025-02-01T22:04:24-08:00,0,0
index.js,49,js,72ac3a58,ryansen,2025-02-01,22:04:24,-08:00,2025-02-01T22:04:24-08:00,0,19
index.js,50,js,72ac3a58,ryansen,2025-02-01,22:04:24,-08:00,2025-02-01T22:04:24-08:00,0,42
index.js,51,js,72ac3a58,ryansen,2025-02-01,22:04:24,-08:00,2025-02-01T22:04:24-08:00,0,85
index.js,52,js,72ac3a58,ryansen,2025-02-01,22:04:24,-08:00,2025-02-01T22:04:24-08:00,0,4
index.js,53,js,72ac3a58,ryansen,2025-02-01,22:04:24,-08:00,2025-02-01T22:04:24-08:00,0,0
index.js,54,js,72ac3a58,ryansen,2025-02-01,22:04:24,-08:00,2025-02-01T22:04:24-08:00,0,0
index.html,1,html,5a6a9e94,ryansen,2025-01-09,18:43:59,-08:00,2025-01-09T18:43:59-08:00,0,14
index.html,2,html,5a6a9e94,ryansen,2025-01-09,18:43:59,-08:00,2025-01-09T18:43:59-08:00,0,15
index.html,3,html,5a6a9e94,ryansen,2025-01-09,18:43:59,-08:00,2025-01-09T18:43:59-08:00,0,5
index.html,4,html,ffdd8eb3,ryansen,2025-01-24,23:45:37,-08:00,2025-01-24T23:45:37-08:00,0,46
index.html,5,html,72ac3a58,ryansen,2025-02-01,22:04:24,-08:00,2025-02-01T22:04:24-08:00,0,51
index.html,6,html,5a6a9e94,ryansen,2025-01-09,18:43:59,-08:00,2025-01-09T18:43:59-08:00,0,21
index.html,7,html,5a6a9e94,ryansen,2025-01-09,18:43:59,-08:00,2025-01-09T18:43:59-08:00,0,69
index.html,8,html,5a6a9e94,ryansen,2025-01-09,18:43:59,-08:00,2025-01-09T18:43:59-08:00,0,51
index.html,9,html,456b660f,ryansen,2025-01-09,19:08:58,-08:00,2025-01-09T19:08:58-08:00,0,39
index.html,10,html,7b295c2c,ryansen,2025-02-08,05:11:49,-08:00,2025-02-08T05:11:49-08:00,0,52
index.html,11,html,5a6a9e94,ryansen,2025-01-09,18:43:59,-08:00,2025-01-09T18:43:59-08:00,0,6
index.html,12,html,5a6a9e94,ryansen,2025-01-09,18:43:59,-08:00,2025-01-09T18:43:59-08:00,0,5
index.html,13,html,b05d7ea7,ryansen,2025-01-17,00:25:36,-08:00,2025-01-17T00:25:36-08:00,0,18
index.html,14,html,b05d7ea7,ryansen,2025-01-17,00:25:36,-08:00,2025-01-17T00:25:36-08:00,0,42
index.html,15,html,7b295c2c,ryansen,2025-02-08,05:11:49,-08:00,2025-02-08T05:11:49-08:00,0,89
index.html,16,html,7b295c2c,ryansen,2025-02-08,05:11:49,-08:00,2025-02-08T05:11:49-08:00,0,0
index.html,17,html,7b295c2c,ryansen,2025-02-08,05:11:49,-08:00,2025-02-08T05:11:49-08:00,0,40
index.html,18,html,7b295c2c,ryansen,2025-02-08,05:11:49,-08:00,2025-02-08T05:11:49-08:00,0,28
index.html,19,html,7b295c2c,ryansen,2025-02-08,05:11:49,-08:00,2025-02-08T05:11:49-08:00,0,59
index.html,20,html,7b295c2c,ryansen,2025-02-08,05:11:49,-08:00,2025-02-08T05:11:49-08:00,0,31
index.html,21,html,72ac3a58,ryansen,2025-02-01,22:04:24,-08:00,2025-02-01T22:04:24-08:00,0,5
index.html,22,html,7b295c2c,ryansen,2025-02-08,05:11:49,-08:00,2025-02-08T05:11:49-08:00,0,0
index.html,23,html,7b295c2c,ryansen,2025-02-08,05:11:49,-08:00,2025-02-08T05:11:49-08:00,0,23
index.html,24,html,7b295c2c,ryansen,2025-02-08,05:11:49,-08:00,2025-02-08T05:11:49-08:00,0,27
index.html,25,html,7b295c2c,ryansen,2025-02-08,05:11:49,-08:00,2025-02-08T05:11:49-08:00,0,0
index.html,26,html,72ac3a58,ryansen,2025-02-01,22:04:24,-08:00,2025-02-01T22:04:24-08:00,0,23
index.html,27,html,72ac3a58,ryansen,2025-02-01,22:04:24,-08:00,2025-02-01T22:04:24-08:00,0,29
index.html,28,html,5a6a9e94,ryansen,2025-01-09,18:43:59,-08:00,2025-01-09T18:43:59-08:00,0,6
index.html,29,html,7b295c2c,ryansen,2025-02-08,05:11:49,-08:00,2025-02-08T05:11:49-08:00,0,6
global.js,1,js,ffdd8eb3,ryansen,2025-01-24,23:45:37,-08:00,2025-01-24T23:45:37-08:00,0,26
global.js,2,js,ffdd8eb3,ryansen,2025-01-24,23:45:37,-08:00,2025-01-24T23:45:37-08:00,0,0
global.js,3,js,ffdd8eb3,ryansen,2025-01-24,23:45:37,-08:00,2025-01-24T23:45:37-08:00,0,0
global.js,4,js,ffdd8eb3,ryansen,2025-01-24,23:45:37,-08:00,2025-01-24T23:45:37-08:00,0,42
global.js,5,js,ffdd8eb3,ryansen,2025-01-24,23:45:37,-08:00,2025-01-24T23:45:37-08:00,0,53
global.js,6,js,ffdd8eb3,ryansen,2025-01-24,23:45:37,-08:00,2025-01-24T23:45:37-08:00,0,0
global.js,7,js,ffdd8eb3,ryansen,2025-01-24,23:45:37,-08:00,2025-01-24T23:45:37-08:00,0,0
global.js,8,js,ffdd8eb3,ryansen,2025-01-24,23:45:37,-08:00,2025-01-24T23:45:37-08:00,0,0
global.js,9,js,ffdd8eb3,ryansen,2025-01-24,23:45:37,-08:00,2025-01-24T23:45:37-08:00,0,12
global.js,10,js,cde293f4,ryansen,2025-01-25,00:01:52,-08:00,2025-01-25T00:01:52-08:00,0,62
global.js,11,js,cde293f4,ryansen,2025-01-25,00:01:52,-08:00,2025-01-25T00:01:52-08:00,0,75
global.js,12,js,cde293f4,ryansen,2025-01-25,00:01:52,-08:00,2025-01-25T00:01:52-08:00,0,71
global.js,13,js,1d530689,ryansen,2025-02-01,19:07:51,-08:00,2025-02-01T19:07:51-08:00,0,73
global.js,14,js,00000000,Not Committed Yet,2025-02-13,00:52:31,-08:00,2025-02-13T00:52:31-08:00,0,67
global.js,15,js,ffdd8eb3,ryansen,2025-01-24,23:45:37,-08:00,2025-01-24T23:45:37-08:00,0,54
global.js,16,js,ffdd8eb3,ryansen,2025-01-24,23:45:37,-08:00,2025-01-24T23:45:37-08:00,0,1
global.js,17,js,ffdd8eb3,ryansen,2025-01-24,23:45:37,-08:00,2025-01-24T23:45:37-08:00,0,0
global.js,18,js,ffdd8eb3,ryansen,2025-01-24,23:45:37,-08:00,2025-01-24T23:45:37-08:00,0,0
global.js,19,js,ffdd8eb3,ryansen,2025-01-24,23:45:37,-08:00,2025-01-24T23:45:37-08:00,0,39
global.js,20,js,ffdd8eb3,ryansen,2025-01-24,23:45:37,-08:00,2025-01-24T23:45:37-08:00,0,26
global.js,21,js,ffdd8eb3,ryansen,2025-01-24,23:45:37,-08:00,2025-01-24T23:45:37-08:00,0,0
global.js,22,js,ffdd8eb3,ryansen,2025-01-24,23:45:37,-08:00,2025-01-24T23:45:37-08:00,0,21
global.js,23,js,ffdd8eb3,ryansen,2025-01-24,23:45:37,-08:00,2025-01-24T23:45:37-08:00,0,15
global.js,24,js,ffdd8eb3,ryansen,2025-01-24,23:45:37,-08:00,2025-01-24T23:45:37-08:00,0,19
global.js,25,js,ffdd8eb3,ryansen,2025-01-24,23:45:37,-08:00,2025-01-24T23:45:37-08:00,0,68
global.js,26,js,ffdd8eb3,ryansen,2025-01-24,23:45:37,-08:00,2025-01-24T23:45:37-08:00,0,30
global.js,27,js,ffdd8eb3,ryansen,2025-01-24,23:45:37,-08:00,2025-01-24T23:45:37-08:00,0,0
global.js,28,js,ffdd8eb3,ryansen,2025-01-24,23:45:37,-08:00,2025-01-24T23:45:37-08:00,0,0
global.js,29,js,ffdd8eb3,ryansen,2025-01-24,23:45:37,-08:00,2025-01-24T23:45:37-08:00,0,18
global.js,30,js,ffdd8eb3,ryansen,2025-01-24,23:45:37,-08:00,2025-01-24T23:45:37-08:00,0,9
global.js,31,js,ffdd8eb3,ryansen,2025-01-24,23:45:37,-08:00,2025-01-24T23:45:37-08:00,0,59
global.js,32,js,ffdd8eb3,ryansen,2025-01-24,23:45:37,-08:00,2025-01-24T23:45:37-08:00,0,1
global.js,33,js,ffdd8eb3,ryansen,2025-01-24,23:45:37,-08:00,2025-01-24T23:45:37-08:00,0,0
global.js,34,js,ffdd8eb3,ryansen,2025-01-24,23:45:37,-08:00,2025-01-24T23:45:37-08:00,0,0
global.js,35,js,ffdd8eb3,ryansen,2025-01-24,23:45:37,-08:00,2025-01-24T23:45:37-08:00,0,0
global.js,36,js,ffdd8eb3,ryansen,2025-01-24,23:45:37,-08:00,2025-01-24T23:45:37-08:00,0,32
global.js,37,js,ffdd8eb3,ryansen,2025-01-24,23:45:37,-08:00,2025-01-24T23:45:37-08:00,0,12
global.js,38,js,ffdd8eb3,ryansen,2025-01-24,23:45:37,-08:00,2025-01-24T23:45:37-08:00,0,28
global.js,39,js,ffdd8eb3,ryansen,2025-01-24,23:45:37,-08:00,2025-01-24T23:45:37-08:00,0,5
global.js,40,js,ffdd8eb3,ryansen,2025-01-24,23:45:37,-08:00,2025-01-24T23:45:37-08:00,0,19
global.js,41,js,ffdd8eb3,ryansen,2025-01-24,23:45:37,-08:00,2025-01-24T23:45:37-08:00,0,40
global.js,42,js,ffdd8eb3,ryansen,2025-01-24,23:45:37,-08:00,2025-01-24T23:45:37-08:00,0,38
global.js,43,js,ffdd8eb3,ryansen,2025-01-24,23:45:37,-08:00,2025-01-24T23:45:37-08:00,0,8
global.js,44,js,ffdd8eb3,ryansen,2025-01-24,23:45:37,-08:00,2025-01-24T23:45:37-08:00,0,8
global.js,45,js,ffdd8eb3,ryansen,2025-01-24,23:45:37,-08:00,2025-01-24T23:45:37-08:00,0,1
global.js,46,js,ffdd8eb3,ryansen,2025-01-24,23:45:37,-08:00,2025-01-24T23:45:37-08:00,0,0
global.js,47,js,ffdd8eb3,ryansen,2025-01-24,23:45:37,-08:00,2025-01-24T23:45:37-08:00,0,0
global.js,48,js,ffdd8eb3,ryansen,2025-01-24,23:45:37,-08:00,2025-01-24T23:45:37-08:00,0,67
global.js,49,js,ffdd8eb3,ryansen,2025-01-24,23:45:37,-08:00,2025-01-24T23:45:37-08:00,0,37
global.js,50,js,ffdd8eb3,ryansen,2025-01-24,23:45:37,-08:00,2025-01-24T23:45:37-08:00,0,0
global.js,51,js,ffdd8eb3,ryansen,2025-01-24,23:45:37,-08:00,2025-01-24T23:45:37-08:00,0,0
global.js,52,js,ffdd8eb3,ryansen,2025-01-24,23:45:37,-08:00,2025-01-24T23:45:37-08:00,0,57
global.js,53,js,ffdd8eb3,ryansen,2025-01-24,23:45:37,-08:00,2025-01-24T23:45:37-08:00,0,40
global.js,54,js,ffdd8eb3,ryansen,2025-01-24,23:45:37,-08:00,2025-01-24T23:45:37-08:00,0,53
global.js,55,js,ffdd8eb3,ryansen,2025-01-24,23:45:37,-08:00,2025-01-24T23:45:37-08:00,0,0
global.js,56,js,ffdd8eb3,ryansen,2025-01-24,23:45:37,-08:00,2025-01-24T23:45:37-08:00,0,53
global.js,57,js,ffdd8eb3,ryansen,2025-01-24,23:45:37,-08:00,2025-01-24T23:45:37-08:00,0,0
global.js,58,js,ffdd8eb3,ryansen,2025-01-24,23:45:37,-08:00,2025-01-24T23:45:37-08:00,0,0
global.js,59,js,ffdd8eb3,ryansen,2025-01-24,23:45:37,-08:00,2025-01-24T23:45:37-08:00,0,44
global.js,60,js,ffdd8eb3,ryansen,2025-01-24,23:45:37,-08:00,2025-01-24T23:45:37-08:00,0,2
global.js,61,js,ffdd8eb3,ryansen,2025-01-24,23:45:37,-08:00,2025-01-24T23:45:37-08:00,0,0
global.js,62,js,ffdd8eb3,ryansen,2025-01-24,23:45:37,-08:00,2025-01-24T23:45:37-08:00,0,59
global.js,63,js,ffdd8eb3,ryansen,2025-01-24,23:45:37,-08:00,2025-01-24T23:45:37-08:00,0,32
global.js,64,js,72ac3a58,ryansen,2025-02-01,22:04:24,-08:00,2025-02-01T22:04:24-08:00,0,50
global.js,65,js,72ac3a58,ryansen,2025-02-01,22:04:24,-08:00,2025-02-01T22:04:24-08:00,0,0
global.js,66,js,72ac3a58,ryansen,2025-02-01,22:04:24,-08:00,2025-02-01T22:04:24-08:00,0,37
global.js,67,js,72ac3a58,ryansen,2025-02-01,22:04:24,-08:00,2025-02-01T22:04:24-08:00,0,4
global.js,68,js,72ac3a58,ryansen,2025-02-01,22:04:24,-08:00,2025-02-01T22:04:24-08:00,0,54
global.js,69,js,72ac3a58,ryansen,2025-02-01,22:04:24,-08:00,2025-02-01T22:04:24-08:00,0,33
global.js,70,js,72ac3a58,ryansen,2025-02-01,22:04:24,-08:00,2025-02-01T22:04:24-08:00,0,0
global.js,71,js,72ac3a58,ryansen,2025-02-01,22:04:24,-08:00,2025-02-01T22:04:24-08:00,0,18
global.js,72,js,72ac3a58,ryansen,2025-02-01,22:04:24,-08:00,2025-02-01T22:04:24-08:00,0,63
global.js,73,js,72ac3a58,ryansen,2025-02-01,22:04:24,-08:00,2025-02-01T22:04:24-08:00,0,0
global.js,74,js,72ac3a58,ryansen,2025-02-01,22:04:24,-08:00,2025-02-01T22:04:24-08:00,0,0
global.js,75,js,72ac3a58,ryansen,2025-02-01,22:04:24,-08:00,2025-02-01T22:04:24-08:00,0,34
global.js,76,js,72ac3a58,ryansen,2025-02-01,22:04:24,-08:00,2025-02-01T22:04:24-08:00,0,47
global.js,77,js,72ac3a58,ryansen,2025-02-01,22:04:24,-08:00,2025-02-01T22:04:24-08:00,0,11
global.js,78,js,72ac3a58,ryansen,2025-02-01,22:04:24,-08:00,2025-02-01T22:04:24-08:00,0,16
global.js,79,js,72ac3a58,ryansen,2025-02-01,22:04:24,-08:00,2025-02-01T22:04:24-08:00,0,60
global.js,80,js,72ac3a58,ryansen,2025-02-01,22:04:24,-08:00,2025-02-01T22:04:24-08:00,0,43
global.js,81,js,72ac3a58,ryansen,2025-02-01,22:04:24,-08:00,2025-02-01T22:04:24-08:00,0,0
global.js,82,js,72ac3a58,ryansen,2025-02-01,22:04:24,-08:00,2025-02-01T22:04:24-08:00,0,0
global.js,83,js,72ac3a58,ryansen,2025-02-01,22:04:24,-08:00,2025-02-01T22:04:24-08:00,0,0
global.js,84,js,72ac3a58,ryansen,2025-02-01,22:04:24,-08:00,2025-02-01T22:04:24-08:00,0,80
global.js,85,js,72ac3a58,ryansen,2025-02-01,22:04:24,-08:00,2025-02-01T22:04:24-08:00,0,44
global.js,86,js,72ac3a58,ryansen,2025-02-01,22:04:24,-08:00,2025-02-01T22:04:24-08:00,0,61
global.js,87,js,72ac3a58,ryansen,2025-02-01,22:04:24,-08:00,2025-02-01T22:04:24-08:00,0,6
global.js,88,js,72ac3a58,ryansen,2025-02-01,22:04:24,-08:00,2025-02-01T22:04:24-08:00,0,0
global.js,89,js,72ac3a58,ryansen,2025-02-01,22:04:24,-08:00,2025-02-01T22:04:24-08:00,0,0
global.js,90,js,72ac3a58,ryansen,2025-02-01,22:04:24,-08:00,2025-02-01T22:04:24-08:00,0,30
global.js,91,js,72ac3a58,ryansen,2025-02-01,22:04:24,-08:00,2025-02-01T22:04:24-08:00,0,49
global.js,92,js,72ac3a58,ryansen,2025-02-01,22:04:24,-08:00,2025-02-01T22:04:24-08:00,0,6
global.js,93,js,72ac3a58,ryansen,2025-02-01,22:04:24,-08:00,2025-02-01T22:04:24-08:00,0,0
global.js,94,js,72ac3a58,ryansen,2025-02-01,22:04:24,-08:00,2025-02-01T22:04:24-08:00,0,0
global.js,95,js,72ac3a58,ryansen,2025-02-01,22:04:24,-08:00,2025-02-01T22:04:24-08:00,0,57
global.js,96,js,72ac3a58,ryansen,2025-02-01,22:04:24,-08:00,2025-02-01T22:04:24-08:00,0,0
global.js,97,js,72ac3a58,ryansen,2025-02-01,22:04:24,-08:00,2025-02-01T22:04:24-08:00,0,28
global.js,98,js,d42c3ad7,ryansen,2025-02-08,02:00:58,-08:00,2025-02-08T02:00:58-08:00,0,61
global.js,99,js,d42c3ad7,ryansen,2025-02-08,02:00:58,-08:00,2025-02-08T02:00:58-08:00,0,85
global.js,100,js,72ac3a58,ryansen,2025-02-01,22:04:24,-08:00,2025-02-01T22:04:24-08:00,0,6
global.js,101,js,72ac3a58,ryansen,2025-02-01,22:04:24,-08:00,2025-02-01T22:04:24-08:00,0,0
global.js,102,js,72ac3a58,ryansen,2025-02-01,22:04:24,-08:00,2025-02-01T22:04:24-08:00,0,0
global.js,103,js,72ac3a58,ryansen,2025-02-01,22:04:24,-08:00,2025-02-01T22:04:24-08:00,0,49
global.js,104,js,d42c3ad7,ryansen,2025-02-08,02:00:58,-08:00,2025-02-08T02:00:58-08:00,0,0
global.js,105,js,d42c3ad7,ryansen,2025-02-08,02:00:58,-08:00,2025-02-08T02:00:58-08:00,0,57
global.js,106,js,d42c3ad7,ryansen,2025-02-08,02:00:58,-08:00,2025-02-08T02:00:58-08:00,0,40
global.js,107,js,d42c3ad7,ryansen,2025-02-08,02:00:58,-08:00,2025-02-08T02:00:58-08:00,0,0
global.js,108,js,d42c3ad7,ryansen,2025-02-08,02:00:58,-08:00,2025-02-08T02:00:58-08:00,0,33
global.js,109,js,d42c3ad7,ryansen,2025-02-08,02:00:58,-08:00,2025-02-08T02:00:58-08:00,0,54
global.js,110,js,d42c3ad7,ryansen,2025-02-08,02:00:58,-08:00,2025-02-08T02:00:58-08:00,0,4
global.js,111,js,d42c3ad7,ryansen,2025-02-08,02:00:58,-08:00,2025-02-08T02:00:58-08:00,0,0
global.js,112,js,d42c3ad7,ryansen,2025-02-08,02:00:58,-08:00,2025-02-08T02:00:58-08:00,0,88
global.js,113,js,d42c3ad7,ryansen,2025-02-08,02:00:58,-08:00,2025-02-08T02:00:58-08:00,0,47
global.js,114,js,d42c3ad7,ryansen,2025-02-08,02:00:58,-08:00,2025-02-08T02:00:58-08:00,0,0
global.js,115,js,d42c3ad7,ryansen,2025-02-08,02:00:58,-08:00,2025-02-08T02:00:58-08:00,0,54
global.js,116,js,d42c3ad7,ryansen,2025-02-08,02:00:58,-08:00,2025-02-08T02:00:58-08:00,0,52
global.js,117,js,d42c3ad7,ryansen,2025-02-08,02:00:58,-08:00,2025-02-08T02:00:58-08:00,0,0
global.js,118,js,d42c3ad7,ryansen,2025-02-08,02:00:58,-08:00,2025-02-08T02:00:58-08:00,0,50
global.js,119,js,d42c3ad7,ryansen,2025-02-08,02:00:58,-08:00,2025-02-08T02:00:58-08:00,0,41
global.js,120,js,d42c3ad7,ryansen,2025-02-08,02:00:58,-08:00,2025-02-08T02:00:58-08:00,0,49
global.js,121,js,d42c3ad7,ryansen,2025-02-08,02:00:58,-08:00,2025-02-08T02:00:58-08:00,0,0
global.js,122,js,d42c3ad7,ryansen,2025-02-08,02:00:58,-08:00,2025-02-08T02:00:58-08:00,0,46
global.js,123,js,d42c3ad7,ryansen,2025-02-08,02:00:58,-08:00,2025-02-08T02:00:58-08:00,0,39
global.js,124,js,d42c3ad7,ryansen,2025-02-08,02:00:58,-08:00,2025-02-08T02:00:58-08:00,0,0
global.js,125,js,d42c3ad7,ryansen,2025-02-08,02:00:58,-08:00,2025-02-08T02:00:58-08:00,0,37
global.js,126,js,d42c3ad7,ryansen,2025-02-08,02:00:58,-08:00,2025-02-08T02:00:58-08:00,0,33
global.js,127,js,d42c3ad7,ryansen,2025-02-08,02:00:58,-08:00,2025-02-08T02:00:58-08:00,0,35
global.js,128,js,d42c3ad7,ryansen,2025-02-08,02:00:58,-08:00,2025-02-08T02:00:58-08:00,0,0
global.js,129,js,72ac3a58,ryansen,2025-02-01,22:04:24,-08:00,2025-02-01T22:04:24-08:00,0,37
global.js,130,js,72ac3a58,ryansen,2025-02-01,22:04:24,-08:00,2025-02-01T22:04:24-08:00,0,2
global.js,131,js,72ac3a58,ryansen,2025-02-01,22:04:24,-08:00,2025-02-01T22:04:24-08:00,0,0
global.js,132,js,72ac3a58,ryansen,2025-02-01,22:04:24,-08:00,2025-02-01T22:04:24-08:00,0,48
global.js,133,js,72ac3a58,ryansen,2025-02-01,22:04:24,-08:00,2025-02-01T22:04:24-08:00,0,4
global.js,134,js,72ac3a58,ryansen,2025-02-01,22:04:24,-08:00,2025-02-01T22:04:24-08:00,0,54
global.js,135,js,72ac3a58,ryansen,2025-02-01,22:04:24,-08:00,2025-02-01T22:04:24-08:00,0,65
global.js,136,js,72ac3a58,ryansen,2025-02-01,22:04:24,-08:00,2025-02-01T22:04:24-08:00,0,33
global.js,137,js,72ac3a58,ryansen,2025-02-01,22:04:24,-08:00,2025-02-01T22:04:24-08:00,0,58
global.js,138,js,72ac3a58,ryansen,2025-02-01,22:04:24,-08:00,2025-02-01T22:04:24-08:00,0,11
global.js,139,js,72ac3a58,ryansen,2025-02-01,22:04:24,-08:00,2025-02-01T22:04:24-08:00,0,16
global.js,140,js,72ac3a58,ryansen,2025-02-01,22:04:24,-08:00,2025-02-01T22:04:24-08:00,0,51
global.js,141,js,72ac3a58,ryansen,2025-02-01,22:04:24,-08:00,2025-02-01T22:04:24-08:00,0,35
global.js,142,js,72ac3a58,ryansen,2025-02-01,22:04:24,-08:00,2025-02-01T22:04:24-08:00,0,0
global.js,143,js,72ac3a58,ryansen,2025-02-01,22:04:24,-08:00,2025-02-01T22:04:24-08:00,0,0
resume\index.html,1,html,abcf73b5,ryansen,2025-01-10,01:31:44,-08:00,2025-01-10T01:31:44-08:00,0,14
resume\index.html,2,html,abcf73b5,ryansen,2025-01-10,01:31:44,-08:00,2025-01-10T01:31:44-08:00,0,15
resume\index.html,3,html,abcf73b5,ryansen,2025-01-10,01:31:44,-08:00,2025-01-10T01:31:44-08:00,0,5
resume\index.html,4,html,ffdd8eb3,ryansen,2025-01-24,23:45:37,-08:00,2025-01-24T23:45:37-08:00,0,49
resume\index.html,5,html,abcf73b5,ryansen,2025-01-10,01:31:44,-08:00,2025-01-10T01:31:44-08:00,0,21
resume\index.html,6,html,abcf73b5,ryansen,2025-01-10,01:31:44,-08:00,2025-01-10T01:31:44-08:00,0,69
resume\index.html,7,html,abcf73b5,ryansen,2025-01-10,01:31:44,-08:00,2025-01-10T01:31:44-08:00,0,22
resume\index.html,8,html,3cd57cf4,ryansen,2025-01-17,20:15:32,-08:00,2025-01-17T20:15:32-08:00,0,42
resume\index.html,9,html,19f36637,ryansen,2025-01-17,19:54:19,-08:00,2025-01-17T19:54:19-08:00,0,6
resume\index.html,10,html,ffdd8eb3,ryansen,2025-01-24,23:45:37,-08:00,2025-01-24T23:45:37-08:00,0,6
resume\index.html,11,html,ffdd8eb3,ryansen,2025-01-24,23:45:37,-08:00,2025-01-24T23:45:37-08:00,0,26
resume\index.html,12,html,ffdd8eb3,ryansen,2025-01-24,23:45:37,-08:00,2025-01-24T23:45:37-08:00,0,24
resume\index.html,13,html,ffdd8eb3,ryansen,2025-01-24,23:45:37,-08:00,2025-01-24T23:45:37-08:00,0,27
resume\index.html,14,html,ffdd8eb3,ryansen,2025-01-24,23:45:37,-08:00,2025-01-24T23:45:37-08:00,0,22
resume\index.html,15,html,ffdd8eb3,ryansen,2025-01-24,23:45:37,-08:00,2025-01-24T23:45:37-08:00,0,22
resume\index.html,16,html,ffdd8eb3,ryansen,2025-01-24,23:45:37,-08:00,2025-01-24T23:45:37-08:00,0,0
resume\index.html,17,html,ffdd8eb3,ryansen,2025-01-24,23:45:37,-08:00,2025-01-24T23:45:37-08:00,0,0
resume\index.html,18,html,b9837392,ryansen,2025-01-17,23:18:13,-08:00,2025-01-17T23:18:13-08:00,0,5
resume\index.html,19,html,b9837392,ryansen,2025-01-17,23:18:13,-08:00,2025-01-17T23:18:13-08:00,0,30
resume\index.html,20,html,ffdd8eb3,ryansen,2025-01-24,23:45:37,-08:00,2025-01-24T23:45:37-08:00,0,16
resume\index.html,21,html,b9837392,ryansen,2025-01-17,23:18:13,-08:00,2025-01-17T23:18:13-08:00,0,16
resume\index.html,22,html,b9837392,ryansen,2025-01-17,23:18:13,-08:00,2025-01-17T23:18:13-08:00,0,14
resume\index.html,23,html,b9837392,ryansen,2025-01-17,23:18:13,-08:00,2025-01-17T23:18:13-08:00,0,13
resume\index.html,24,html,ffdd8eb3,ryansen,2025-01-24,23:45:37,-08:00,2025-01-24T23:45:37-08:00,0,41
resume\index.html,25,html,ffdd8eb3,ryansen,2025-01-24,23:45:37,-08:00,2025-01-24T23:45:37-08:00,0,24
resume\index.html,26,html,b9837392,ryansen,2025-01-17,23:18:13,-08:00,2025-01-17T23:18:13-08:00,0,0
resume\index.html,27,html,ffdd8eb3,ryansen,2025-01-24,23:45:37,-08:00,2025-01-24T23:45:37-08:00,0,0
resume\index.html,28,html,ffdd8eb3,ryansen,2025-01-24,23:45:37,-08:00,2025-01-24T23:45:37-08:00,0,7
resume\index.html,29,html,b9837392,ryansen,2025-01-17,23:18:13,-08:00,2025-01-17T23:18:13-08:00,0,18
resume\index.html,30,html,b9837392,ryansen,2025-01-17,23:18:13,-08:00,2025-01-17T23:18:13-08:00,0,19
resume\index.html,31,html,ffdd8eb3,ryansen,2025-01-24,23:45:37,-08:00,2025-01-24T23:45:37-08:00,0,0
resume\index.html,32,html,b9837392,ryansen,2025-01-17,23:18:13,-08:00,2025-01-17T23:18:13-08:00,0,0
resume\index.html,33,html,b9837392,ryansen,2025-01-17,23:18:13,-08:00,2025-01-17T23:18:13-08:00,0,10
resume\index.html,34,html,b9837392,ryansen,2025-01-17,23:18:13,-08:00,2025-01-17T23:18:13-08:00,0,16
resume\index.html,35,html,b9837392,ryansen,2025-01-17,23:18:13,-08:00,2025-01-17T23:18:13-08:00,0,20
resume\index.html,36,html,ffdd8eb3,ryansen,2025-01-24,23:45:37,-08:00,2025-01-24T23:45:37-08:00,0,27
resume\index.html,37,html,b9837392,ryansen,2025-01-17,23:18:13,-08:00,2025-01-17T23:18:13-08:00,0,0
resume\index.html,38,html,b9837392,ryansen,2025-01-17,23:18:13,-08:00,2025-01-17T23:18:13-08:00,0,0
resume\index.html,39,html,b9837392,ryansen,2025-01-17,23:18:13,-08:00,2025-01-17T23:18:13-08:00,0,9
resume\index.html,40,html,b9837392,ryansen,2025-01-17,23:18:13,-08:00,2025-01-17T23:18:13-08:00,0,16
resume\index.html,41,html,ffdd8eb3,ryansen,2025-01-24,23:45:37,-08:00,2025-01-24T23:45:37-08:00,0,24
resume\index.html,42,html,b9837392,ryansen,2025-01-17,23:18:13,-08:00,2025-01-17T23:18:13-08:00,0,0
resume\index.html,43,html,b9837392,ryansen,2025-01-17,23:18:13,-08:00,2025-01-17T23:18:13-08:00,0,0
resume\index.html,44,html,b9837392,ryansen,2025-01-17,23:18:13,-08:00,2025-01-17T23:18:13-08:00,0,8
resume\index.html,45,html,b9837392,ryansen,2025-01-17,23:18:13,-08:00,2025-01-17T23:18:13-08:00,0,19
resume\index.html,46,html,b9837392,ryansen,2025-01-17,23:18:13,-08:00,2025-01-17T23:18:13-08:00,0,0
resume\index.html,47,html,b9837392,ryansen,2025-01-17,23:18:13,-08:00,2025-01-17T23:18:13-08:00,0,0
resume\index.html,48,html,b9837392,ryansen,2025-01-17,23:18:13,-08:00,2025-01-17T23:18:13-08:00,0,11
resume\index.html,49,html,b9837392,ryansen,2025-01-17,23:18:13,-08:00,2025-01-17T23:18:13-08:00,0,16
resume\index.html,50,html,ffdd8eb3,ryansen,2025-01-24,23:45:37,-08:00,2025-01-24T23:45:37-08:00,0,27
resume\index.html,51,html,ffdd8eb3,ryansen,2025-01-24,23:45:37,-08:00,2025-01-24T23:45:37-08:00,0,44
resume\index.html,52,html,ffdd8eb3,ryansen,2025-01-24,23:45:37,-08:00,2025-01-24T23:45:37-08:00,0,19
resume\index.html,53,html,b9837392,ryansen,2025-01-17,23:18:13,-08:00,2025-01-17T23:18:13-08:00,0,19
resume\index.html,54,html,b9837392,ryansen,2025-01-17,23:18:13,-08:00,2025-01-17T23:18:13-08:00,0,0
resume\index.html,55,html,ffdd8eb3,ryansen,2025-01-24,23:45:37,-08:00,2025-01-24T23:45:37-08:00,0,0
resume\index.html,56,html,b9837392,ryansen,2025-01-17,23:18:13,-08:00,2025-01-17T23:18:13-08:00,0,2
resume\index.html,57,html,b9837392,ryansen,2025-01-17,23:18:13,-08:00,2025-01-17T23:18:13-08:00,0,16
resume\index.html,58,html,ffdd8eb3,ryansen,2025-01-24,23:45:37,-08:00,2025-01-24T23:45:37-08:00,0,24
resume\index.html,59,html,b9837392,ryansen,2025-01-17,23:18:13,-08:00,2025-01-17T23:18:13-08:00,0,0
resume\index.html,60,html,b9837392,ryansen,2025-01-17,23:18:13,-08:00,2025-01-17T23:18:13-08:00,0,0
resume\index.html,61,html,b9837392,ryansen,2025-01-17,23:18:13,-08:00,2025-01-17T23:18:13-08:00,0,2
resume\index.html,62,html,b9837392,ryansen,2025-01-17,23:18:13,-08:00,2025-01-17T23:18:13-08:00,0,13
resume\index.html,63,html,ffdd8eb3,ryansen,2025-01-24,23:45:37,-08:00,2025-01-24T23:45:37-08:00,0,24
resume\index.html,64,html,b9837392,ryansen,2025-01-17,23:18:13,-08:00,2025-01-17T23:18:13-08:00,0,0
resume\index.html,65,html,b9837392,ryansen,2025-01-17,23:18:13,-08:00,2025-01-17T23:18:13-08:00,0,0
resume\index.html,66,html,b9837392,ryansen,2025-01-17,23:18:13,-08:00,2025-01-17T23:18:13-08:00,0,4
resume\index.html,67,html,b9837392,ryansen,2025-01-17,23:18:13,-08:00,2025-01-17T23:18:13-08:00,0,19
resume\index.html,68,html,b9837392,ryansen,2025-01-17,23:18:13,-08:00,2025-01-17T23:18:13-08:00,0,0
resume\index.html,69,html,b9837392,ryansen,2025-01-17,23:18:13,-08:00,2025-01-17T23:18:13-08:00,0,0
resume\index.html,70,html,b9837392,ryansen,2025-01-17,23:18:13,-08:00,2025-01-17T23:18:13-08:00,0,2
resume\index.html,71,html,ffdd8eb3,ryansen,2025-01-24,23:45:37,-08:00,2025-01-24T23:45:37-08:00,0,26
resume\index.html,72,html,b9837392,ryansen,2025-01-17,23:18:13,-08:00,2025-01-17T23:18:13-08:00,0,26
resume\index.html,73,html,b9837392,ryansen,2025-01-17,23:18:13,-08:00,2025-01-17T23:18:13-08:00,0,0
resume\index.html,74,html,b9837392,ryansen,2025-01-17,23:18:13,-08:00,2025-01-17T23:18:13-08:00,0,0
resume\index.html,75,html,19f36637,ryansen,2025-01-17,19:54:19,-08:00,2025-01-17T19:54:19-08:00,0,7
resume\index.html,76,html,abcf73b5,ryansen,2025-01-10,01:31:44,-08:00,2025-01-10T01:31:44-08:00,0,6
resume\index.html,77,html,abcf73b5,ryansen,2025-01-10,01:31:44,-08:00,2025-01-10T01:31:44-08:00,0,5
resume\index.html,78,html,ffdd8eb3,ryansen,2025-01-24,23:45:37,-08:00,2025-01-24T23:45:37-08:00,0,0
resume\index.html,79,html,abcf73b5,ryansen,2025-01-10,01:31:44,-08:00,2025-01-10T01:31:44-08:00,0,7
resume\index.html,80,html,abcf73b5,ryansen,2025-01-10,01:31:44,-08:00,2025-01-10T01:31:44-08:00,0,16
resume\index.html,81,html,abcf73b5,ryansen,2025-01-10,01:31:44,-08:00,2025-01-10T01:31:44-08:00,0,41
resume\index.html,82,html,abcf73b5,ryansen,2025-01-10,01:31:44,-08:00,2025-01-10T01:31:44-08:00,0,8
resume\index.html,83,html,abcf73b5,ryansen,2025-01-10,01:31:44,-08:00,2025-01-10T01:31:44-08:00,0,0
resume\index.html,84,html,abcf73b5,ryansen,2025-01-10,01:31:44,-08:00,2025-01-10T01:31:44-08:00,0,8
resume\index.html,85,html,abcf73b5,ryansen,2025-01-10,01:31:44,-08:00,2025-01-10T01:31:44-08:00,0,7
resume\index.html,86,html,abcf73b5,ryansen,2025-01-10,01:31:44,-08:00,2025-01-10T01:31:44-08:00,0,17
resume\index.html,87,html,abcf73b5,ryansen,2025-01-10,01:31:44,-08:00,2025-01-10T01:31:44-08:00,0,8
resume\index.html,88,html,abcf73b5,ryansen,2025-01-10,01:31:44,-08:00,2025-01-10T01:31:44-08:00,0,0
resume\index.html,89,html,abcf73b5,ryansen,2025-01-10,01:31:44,-08:00,2025-01-10T01:31:44-08:00,0,10
resume\index.html,90,html,abcf73b5,ryansen,2025-01-10,01:31:44,-08:00,2025-01-10T01:31:44-08:00,0,60
resume\index.html,91,html,abcf73b5,ryansen,2025-01-10,01:31:44,-08:00,2025-01-10T01:31:44-08:00,0,36
resume\index.html,92,html,abcf73b5,ryansen,2025-01-10,01:31:44,-08:00,2025-01-10T01:31:44-08:00,0,14
resume\index.html,93,html,abcf73b5,ryansen,2025-01-10,01:31:44,-08:00,2025-01-10T01:31:44-08:00,0,0
resume\index.html,94,html,abcf73b5,ryansen,2025-01-10,01:31:44,-08:00,2025-01-10T01:31:44-08:00,0,10
resume\index.html,95,html,abcf73b5,ryansen,2025-01-10,01:31:44,-08:00,2025-01-10T01:31:44-08:00,0,116
resume\index.html,96,html,abcf73b5,ryansen,2025-01-10,01:31:44,-08:00,2025-01-10T01:31:44-08:00,0,10
resume\index.html,97,html,abcf73b5,ryansen,2025-01-10,01:31:44,-08:00,2025-01-10T01:31:44-08:00,0,106
resume\index.html,98,html,abcf73b5,ryansen,2025-01-10,01:31:44,-08:00,2025-01-10T01:31:44-08:00,0,37
resume\index.html,99,html,abcf73b5,ryansen,2025-01-10,01:31:44,-08:00,2025-01-10T01:31:44-08:00,0,10
resume\index.html,100,html,abcf73b5,ryansen,2025-01-10,01:31:44,-08:00,2025-01-10T01:31:44-08:00,0,114
resume\index.html,101,html,abcf73b5,ryansen,2025-01-10,01:31:44,-08:00,2025-01-10T01:31:44-08:00,0,30
resume\index.html,102,html,abcf73b5,ryansen,2025-01-10,01:31:44,-08:00,2025-01-10T01:31:44-08:00,0,10
resume\index.html,103,html,abcf73b5,ryansen,2025-01-10,01:31:44,-08:00,2025-01-10T01:31:44-08:00,0,116
resume\index.html,104,html,abcf73b5,ryansen,2025-01-10,01:31:44,-08:00,2025-01-10T01:31:44-08:00,0,25
resume\index.html,105,html,abcf73b5,ryansen,2025-01-10,01:31:44,-08:00,2025-01-10T01:31:44-08:00,0,9
resume\index.html,106,html,abcf73b5,ryansen,2025-01-10,01:31:44,-08:00,2025-01-10T01:31:44-08:00,0,10
resume\index.html,107,html,abcf73b5,ryansen,2025-01-10,01:31:44,-08:00,2025-01-10T01:31:44-08:00,0,8
resume\index.html,108,html,abcf73b5,ryansen,2025-01-10,01:31:44,-08:00,2025-01-10T01:31:44-08:00,0,7
resume\index.html,109,html,abcf73b5,ryansen,2025-01-10,01:31:44,-08:00,2025-01-10T01:31:44-08:00,0,16
resume\index.html,110,html,abcf73b5,ryansen,2025-01-10,01:31:44,-08:00,2025-01-10T01:31:44-08:00,0,8
resume\index.html,111,html,abcf73b5,ryansen,2025-01-10,01:31:44,-08:00,2025-01-10T01:31:44-08:00,0,0
resume\index.html,112,html,abcf73b5,ryansen,2025-01-10,01:31:44,-08:00,2025-01-10T01:31:44-08:00,0,10
resume\index.html,113,html,abcf73b5,ryansen,2025-01-10,01:31:44,-08:00,2025-01-10T01:31:44-08:00,0,41
resume\index.html,114,html,abcf73b5,ryansen,2025-01-10,01:31:44,-08:00,2025-01-10T01:31:44-08:00,0,10
resume\index.html,115,html,abcf73b5,ryansen,2025-01-10,01:31:44,-08:00,2025-01-10T01:31:44-08:00,0,4
resume\index.html,116,html,abcf73b5,ryansen,2025-01-10,01:31:44,-08:00,2025-01-10T01:31:44-08:00,0,69
resume\index.html,117,html,abcf73b5,ryansen,2025-01-10,01:31:44,-08:00,2025-01-10T01:31:44-08:00,0,5
resume\index.html,118,html,abcf73b5,ryansen,2025-01-10,01:31:44,-08:00,2025-01-10T01:31:44-08:00,0,10
resume\index.html,119,html,abcf73b5,ryansen,2025-01-10,01:31:44,-08:00,2025-01-10T01:31:44-08:00,0,111
resume\index.html,120,html,abcf73b5,ryansen,2025-01-10,01:31:44,-08:00,2025-01-10T01:31:44-08:00,0,105
resume\index.html,121,html,abcf73b5,ryansen,2025-01-10,01:31:44,-08:00,2025-01-10T01:31:44-08:00,0,3
resume\index.html,122,html,abcf73b5,ryansen,2025-01-10,01:31:44,-08:00,2025-01-10T01:31:44-08:00,0,10
resume\index.html,123,html,abcf73b5,ryansen,2025-01-10,01:31:44,-08:00,2025-01-10T01:31:44-08:00,0,59
resume\index.html,124,html,abcf73b5,ryansen,2025-01-10,01:31:44,-08:00,2025-01-10T01:31:44-08:00,0,10
resume\index.html,125,html,abcf73b5,ryansen,2025-01-10,01:31:44,-08:00,2025-01-10T01:31:44-08:00,0,26
resume\index.html,126,html,abcf73b5,ryansen,2025-01-10,01:31:44,-08:00,2025-01-10T01:31:44-08:00,0,10
resume\index.html,127,html,abcf73b5,ryansen,2025-01-10,01:31:44,-08:00,2025-01-10T01:31:44-08:00,0,104
resume\index.html,128,html,abcf73b5,ryansen,2025-01-10,01:31:44,-08:00,2025-01-10T01:31:44-08:00,0,109
resume\index.html,129,html,abcf73b5,ryansen,2025-01-10,01:31:44,-08:00,2025-01-10T01:31:44-08:00,0,13
resume\index.html,130,html,abcf73b5,ryansen,2025-01-10,01:31:44,-08:00,2025-01-10T01:31:44-08:00,0,3
resume\index.html,131,html,abcf73b5,ryansen,2025-01-10,01:31:44,-08:00,2025-01-10T01:31:44-08:00,0,10
resume\index.html,132,html,abcf73b5,ryansen,2025-01-10,01:31:44,-08:00,2025-01-10T01:31:44-08:00,0,2
resume\index.html,133,html,abcf73b5,ryansen,2025-01-10,01:31:44,-08:00,2025-01-10T01:31:44-08:00,0,16
resume\index.html,134,html,abcf73b5,ryansen,2025-01-10,01:31:44,-08:00,2025-01-10T01:31:44-08:00,0,3
resume\index.html,135,html,abcf73b5,ryansen,2025-01-10,01:31:44,-08:00,2025-01-10T01:31:44-08:00,0,9
resume\index.html,136,html,abcf73b5,ryansen,2025-01-10,01:31:44,-08:00,2025-01-10T01:31:44-08:00,0,0
resume\index.html,137,html,abcf73b5,ryansen,2025-01-10,01:31:44,-08:00,2025-01-10T01:31:44-08:00,0,10
resume\index.html,138,html,abcf73b5,ryansen,2025-01-10,01:31:44,-08:00,2025-01-10T01:31:44-08:00,0,0
resume\index.html,139,html,abcf73b5,ryansen,2025-01-10,01:31:44,-08:00,2025-01-10T01:31:44-08:00,0,8
resume\index.html,140,html,abcf73b5,ryansen,2025-01-10,01:31:44,-08:00,2025-01-10T01:31:44-08:00,0,7
resume\index.html,141,html,abcf73b5,ryansen,2025-01-10,01:31:44,-08:00,2025-01-10T01:31:44-08:00,0,20
resume\index.html,142,html,abcf73b5,ryansen,2025-01-10,01:31:44,-08:00,2025-01-10T01:31:44-08:00,0,8
resume\index.html,143,html,abcf73b5,ryansen,2025-01-10,01:31:44,-08:00,2025-01-10T01:31:44-08:00,0,16
resume\index.html,144,html,68045bfb,ryansen,2025-01-10,19:56:56,-08:00,2025-01-10T19:56:56-08:00,0,41
resume\index.html,145,html,abcf73b5,ryansen,2025-01-10,01:31:44,-08:00,2025-01-10T01:31:44-08:00,0,10
resume\index.html,146,html,abcf73b5,ryansen,2025-01-10,01:31:44,-08:00,2025-01-10T01:31:44-08:00,0,19
resume\index.html,147,html,abcf73b5,ryansen,2025-01-10,01:31:44,-08:00,2025-01-10T01:31:44-08:00,0,59
resume\index.html,148,html,abcf73b5,ryansen,2025-01-10,01:31:44,-08:00,2025-01-10T01:31:44-08:00,0,10
resume\index.html,149,html,abcf73b5,ryansen,2025-01-10,01:31:44,-08:00,2025-01-10T01:31:44-08:00,0,13
resume\index.html,150,html,abcf73b5,ryansen,2025-01-10,01:31:44,-08:00,2025-01-10T01:31:44-08:00,0,107
resume\index.html,151,html,abcf73b5,ryansen,2025-01-10,01:31:44,-08:00,2025-01-10T01:31:44-08:00,0,17
resume\index.html,152,html,abcf73b5,ryansen,2025-01-10,01:31:44,-08:00,2025-01-10T01:31:44-08:00,0,3
resume\index.html,153,html,abcf73b5,ryansen,2025-01-10,01:31:44,-08:00,2025-01-10T01:31:44-08:00,0,9
resume\index.html,154,html,abcf73b5,ryansen,2025-01-10,01:31:44,-08:00,2025-01-10T01:31:44-08:00,0,6
resume\index.html,155,html,abcf73b5,ryansen,2025-01-10,01:31:44,-08:00,2025-01-10T01:31:44-08:00,0,6
projects\projects.js,1,js,72ac3a58,ryansen,2025-02-01,22:04:24,-08:00,2025-02-01T22:04:24-08:00,0,56
projects\projects.js,2,js,7b295c2c,ryansen,2025-02-08,05:11:49,-08:00,2025-02-08T05:11:49-08:00,0,64
projects\projects.js,3,js,72ac3a58,ryansen,2025-02-01,22:04:24,-08:00,2025-02-01T22:04:24-08:00,0,0
projects\projects.js,4,js,7b295c2c,ryansen,2025-02-08,05:11:49,-08:00,2025-02-08T05:11:49-08:00,0,52
projects\projects.js,5,js,7b295c2c,ryansen,2025-02-08,05:11:49,-08:00,2025-02-08T05:11:49-08:00,0,17
projects\projects.js,6,js,7b295c2c,ryansen,2025-02-08,05:11:49,-08:00,2025-02-08T05:11:49-08:00,0,59
projects\projects.js,7,js,7b295c2c,ryansen,2025-02-08,05:11:49,-08:00,2025-02-08T05:11:49-08:00,0,66
projects\projects.js,8,js,72ac3a58,ryansen,2025-02-01,22:04:24,-08:00,2025-02-01T22:04:24-08:00,0,0
projects\projects.js,9,js,7b295c2c,ryansen,2025-02-08,05:11:49,-08:00,2025-02-08T05:11:49-08:00,0,19
projects\projects.js,10,js,72ac3a58,ryansen,2025-02-01,22:04:24,-08:00,2025-02-01T22:04:24-08:00,0,48
projects\projects.js,11,js,72ac3a58,ryansen,2025-02-01,22:04:24,-08:00,2025-02-01T22:04:24-08:00,0,63
projects\projects.js,12,js,72ac3a58,ryansen,2025-02-01,22:04:24,-08:00,2025-02-01T22:04:24-08:00,0,6
projects\projects.js,13,js,72ac3a58,ryansen,2025-02-01,22:04:24,-08:00,2025-02-01T22:04:24-08:00,0,0
projects\projects.js,14,js,72ac3a58,ryansen,2025-02-01,22:04:24,-08:00,2025-02-01T22:04:24-08:00,0,0
projects\projects.js,15,js,7b295c2c,ryansen,2025-02-08,05:11:49,-08:00,2025-02-08T05:11:49-08:00,0,50
projects\projects.js,16,js,7b295c2c,ryansen,2025-02-08,05:11:49,-08:00,2025-02-08T05:11:49-08:00,0,42
projects\projects.js,17,js,72ac3a58,ryansen,2025-02-01,22:04:24,-08:00,2025-02-01T22:04:24-08:00,0,0
projects\projects.js,18,js,72ac3a58,ryansen,2025-02-01,22:04:24,-08:00,2025-02-01T22:04:24-08:00,0,49
projects\projects.js,19,js,72ac3a58,ryansen,2025-02-01,22:04:24,-08:00,2025-02-01T22:04:24-08:00,0,49
projects\projects.js,20,js,7b295c2c,ryansen,2025-02-08,05:11:49,-08:00,2025-02-08T05:11:49-08:00,0,24
projects\projects.js,21,js,7b295c2c,ryansen,2025-02-08,05:11:49,-08:00,2025-02-08T05:11:49-08:00,0,4
projects\projects.js,22,js,7b295c2c,ryansen,2025-02-08,05:11:49,-08:00,2025-02-08T05:11:49-08:00,0,0
projects\projects.js,23,js,7b295c2c,ryansen,2025-02-08,05:11:49,-08:00,2025-02-08T05:11:49-08:00,0,39
projects\projects.js,24,js,7b295c2c,ryansen,2025-02-08,05:11:49,-08:00,2025-02-08T05:11:49-08:00,0,50
projects\projects.js,25,js,7b295c2c,ryansen,2025-02-08,05:11:49,-08:00,2025-02-08T05:11:49-08:00,0,56
projects\projects.js,26,js,7b295c2c,ryansen,2025-02-08,05:11:49,-08:00,2025-02-08T05:11:49-08:00,0,6
projects\projects.js,27,js,7b295c2c,ryansen,2025-02-08,05:11:49,-08:00,2025-02-08T05:11:49-08:00,0,0
projects\projects.js,28,js,7b295c2c,ryansen,2025-02-08,05:11:49,-08:00,2025-02-08T05:11:49-08:00,0,0
projects\projects.js,29,js,50686565,ryansen,2025-02-08,20:36:38,-08:00,2025-02-08T20:36:38-08:00,0,37
projects\projects.js,30,js,7b295c2c,ryansen,2025-02-08,05:11:49,-08:00,2025-02-08T05:11:49-08:00,0,24
projects\projects.js,31,js,7b295c2c,ryansen,2025-02-08,05:11:49,-08:00,2025-02-08T05:11:49-08:00,0,13
projects\projects.js,32,js,7b295c2c,ryansen,2025-02-08,05:11:49,-08:00,2025-02-08T05:11:49-08:00,0,15
projects\projects.js,33,js,7b295c2c,ryansen,2025-02-08,05:11:49,-08:00,2025-02-08T05:11:49-08:00,0,12
projects\projects.js,34,js,7b295c2c,ryansen,2025-02-08,05:11:49,-08:00,2025-02-08T05:11:49-08:00,0,26
projects\projects.js,35,js,7b295c2c,ryansen,2025-02-08,05:11:49,-08:00,2025-02-08T05:11:49-08:00,0,12
projects\projects.js,36,js,7b295c2c,ryansen,2025-02-08,05:11:49,-08:00,2025-02-08T05:11:49-08:00,0,18
projects\projects.js,37,js,7b295c2c,ryansen,2025-02-08,05:11:49,-08:00,2025-02-08T05:11:49-08:00,0,3
projects\projects.js,38,js,7b295c2c,ryansen,2025-02-08,05:11:49,-08:00,2025-02-08T05:11:49-08:00,0,0
projects\projects.js,39,js,7b295c2c,ryansen,2025-02-08,05:11:49,-08:00,2025-02-08T05:11:49-08:00,0,15
projects\projects.js,40,js,7b295c2c,ryansen,2025-02-08,05:11:49,-08:00,2025-02-08T05:11:49-08:00,0,62
projects\projects.js,41,js,7b295c2c,ryansen,2025-02-08,05:11:49,-08:00,2025-02-08T05:11:49-08:00,0,49
projects\projects.js,42,js,7b295c2c,ryansen,2025-02-08,05:11:49,-08:00,2025-02-08T05:11:49-08:00,0,35
projects\projects.js,43,js,7b295c2c,ryansen,2025-02-08,05:11:49,-08:00,2025-02-08T05:11:49-08:00,0,0
projects\projects.js,44,js,7b295c2c,ryansen,2025-02-08,05:11:49,-08:00,2025-02-08T05:11:49-08:00,0,41
projects\projects.js,45,js,50686565,ryansen,2025-02-08,20:36:38,-08:00,2025-02-08T20:36:38-08:00,0,55
projects\projects.js,46,js,7b295c2c,ryansen,2025-02-08,05:11:49,-08:00,2025-02-08T05:11:49-08:00,0,0
projects\projects.js,47,js,7b295c2c,ryansen,2025-02-08,05:11:49,-08:00,2025-02-08T05:11:49-08:00,0,48
projects\projects.js,48,js,7b295c2c,ryansen,2025-02-08,05:11:49,-08:00,2025-02-08T05:11:49-08:00,0,0
projects\projects.js,49,js,7b295c2c,ryansen,2025-02-08,05:11:49,-08:00,2025-02-08T05:11:49-08:00,0,23
projects\projects.js,50,js,7b295c2c,ryansen,2025-02-08,05:11:49,-08:00,2025-02-08T05:11:49-08:00,0,33
projects\projects.js,51,js,7b295c2c,ryansen,2025-02-08,05:11:49,-08:00,2025-02-08T05:11:49-08:00,0,13
projects\projects.js,52,js,7b295c2c,ryansen,2025-02-08,05:11:49,-08:00,2025-02-08T05:11:49-08:00,0,7
projects\projects.js,53,js,7b295c2c,ryansen,2025-02-08,05:11:49,-08:00,2025-02-08T05:11:49-08:00,0,14
projects\projects.js,54,js,7b295c2c,ryansen,2025-02-08,05:11:49,-08:00,2025-02-08T05:11:49-08:00,0,23
projects\projects.js,55,js,7b295c2c,ryansen,2025-02-08,05:11:49,-08:00,2025-02-08T05:11:49-08:00,0,33
projects\projects.js,56,js,7b295c2c,ryansen,2025-02-08,05:11:49,-08:00,2025-02-08T05:11:49-08:00,0,22
projects\projects.js,57,js,7b295c2c,ryansen,2025-02-08,05:11:49,-08:00,2025-02-08T05:11:49-08:00,0,23
projects\projects.js,58,js,7b295c2c,ryansen,2025-02-08,05:11:49,-08:00,2025-02-08T05:11:49-08:00,0,22
projects\projects.js,59,js,7b295c2c,ryansen,2025-02-08,05:11:49,-08:00,2025-02-08T05:11:49-08:00,0,33
projects\projects.js,60,js,7b295c2c,ryansen,2025-02-08,05:11:49,-08:00,2025-02-08T05:11:49-08:00,0,73
projects\projects.js,61,js,7b295c2c,ryansen,2025-02-08,05:11:49,-08:00,2025-02-08T05:11:49-08:00,0,66
projects\projects.js,62,js,7b295c2c,ryansen,2025-02-08,05:11:49,-08:00,2025-02-08T05:11:49-08:00,0,53
projects\projects.js,63,js,50686565,ryansen,2025-02-08,20:36:38,-08:00,2025-02-08T20:36:38-08:00,0,57
projects\projects.js,64,js,7b295c2c,ryansen,2025-02-08,05:11:49,-08:00,2025-02-08T05:11:49-08:00,0,2
projects\projects.js,65,js,7b295c2c,ryansen,2025-02-08,05:11:49,-08:00,2025-02-08T05:11:49-08:00,0,0
projects\projects.js,66,js,7b295c2c,ryansen,2025-02-08,05:11:49,-08:00,2025-02-08T05:11:49-08:00,0,17
projects\projects.js,67,js,7b295c2c,ryansen,2025-02-08,05:11:49,-08:00,2025-02-08T05:11:49-08:00,0,33
projects\projects.js,68,js,50686565,ryansen,2025-02-08,20:36:38,-08:00,2025-02-08T20:36:38-08:00,0,55
projects\projects.js,69,js,7b295c2c,ryansen,2025-02-08,05:11:49,-08:00,2025-02-08T05:11:49-08:00,0,0
projects\projects.js,70,js,7b295c2c,ryansen,2025-02-08,05:11:49,-08:00,2025-02-08T05:11:49-08:00,0,39
projects\projects.js,71,js,50686565,ryansen,2025-02-08,20:36:38,-08:00,2025-02-08T20:36:38-08:00,0,0
projects\projects.js,72,js,7b295c2c,ryansen,2025-02-08,05:11:49,-08:00,2025-02-08T05:11:49-08:00,0,0
projects\projects.js,73,js,7b295c2c,ryansen,2025-02-08,05:11:49,-08:00,2025-02-08T05:11:49-08:00,0,65
projects\projects.js,74,js,7b295c2c,ryansen,2025-02-08,05:11:49,-08:00,2025-02-08T05:11:49-08:00,0,60
projects\projects.js,75,js,7b295c2c,ryansen,2025-02-08,05:11:49,-08:00,2025-02-08T05:11:49-08:00,0,28
projects\projects.js,76,js,7b295c2c,ryansen,2025-02-08,05:11:49,-08:00,2025-02-08T05:11:49-08:00,0,27
projects\projects.js,77,js,7b295c2c,ryansen,2025-02-08,05:11:49,-08:00,2025-02-08T05:11:49-08:00,0,36
projects\projects.js,78,js,7b295c2c,ryansen,2025-02-08,05:11:49,-08:00,2025-02-08T05:11:49-08:00,0,37
projects\projects.js,79,js,7b295c2c,ryansen,2025-02-08,05:11:49,-08:00,2025-02-08T05:11:49-08:00,0,73
projects\projects.js,80,js,7b295c2c,ryansen,2025-02-08,05:11:49,-08:00,2025-02-08T05:11:49-08:00,0,2
projects\projects.js,81,js,7b295c2c,ryansen,2025-02-08,05:11:49,-08:00,2025-02-08T05:11:49-08:00,0,0
projects\projects.js,82,js,7b295c2c,ryansen,2025-02-08,05:11:49,-08:00,2025-02-08T05:11:49-08:00,0,33
projects\projects.js,83,js,7b295c2c,ryansen,2025-02-08,05:11:49,-08:00,2025-02-08T05:11:49-08:00,0,56
projects\projects.js,84,js,7b295c2c,ryansen,2025-02-08,05:11:49,-08:00,2025-02-08T05:11:49-08:00,0,2
projects\projects.js,85,js,7b295c2c,ryansen,2025-02-08,05:11:49,-08:00,2025-02-08T05:11:49-08:00,0,0
projects\projects.js,86,js,7b295c2c,ryansen,2025-02-08,05:11:49,-08:00,2025-02-08T05:11:49-08:00,0,0
projects\projects.js,87,js,7b295c2c,ryansen,2025-02-08,05:11:49,-08:00,2025-02-08T05:11:49-08:00,0,45
projects\projects.js,88,js,7b295c2c,ryansen,2025-02-08,05:11:49,-08:00,2025-02-08T05:11:49-08:00,0,36
projects\projects.js,89,js,7b295c2c,ryansen,2025-02-08,05:11:49,-08:00,2025-02-08T05:11:49-08:00,0,26
projects\projects.js,90,js,7b295c2c,ryansen,2025-02-08,05:11:49,-08:00,2025-02-08T05:11:49-08:00,0,49
projects\projects.js,91,js,7b295c2c,ryansen,2025-02-08,05:11:49,-08:00,2025-02-08T05:11:49-08:00,0,7
projects\projects.js,92,js,7b295c2c,ryansen,2025-02-08,05:11:49,-08:00,2025-02-08T05:11:49-08:00,0,44
projects\projects.js,93,js,7b295c2c,ryansen,2025-02-08,05:11:49,-08:00,2025-02-08T05:11:49-08:00,0,76
projects\projects.js,94,js,7b295c2c,ryansen,2025-02-08,05:11:49,-08:00,2025-02-08T05:11:49-08:00,0,57
projects\projects.js,95,js,7b295c2c,ryansen,2025-02-08,05:11:49,-08:00,2025-02-08T05:11:49-08:00,0,0
projects\projects.js,96,js,7b295c2c,ryansen,2025-02-08,05:11:49,-08:00,2025-02-08T05:11:49-08:00,0,0
projects\index.html,1,html,6328664f,ryansen,2025-01-09,20:54:54,-08:00,2025-01-09T20:54:54-08:00,0,14
projects\index.html,2,html,6328664f,ryansen,2025-01-09,20:54:54,-08:00,2025-01-09T20:54:54-08:00,0,15
projects\index.html,3,html,6328664f,ryansen,2025-01-09,20:54:54,-08:00,2025-01-09T20:54:54-08:00,0,5
projects\index.html,4,html,6328664f,ryansen,2025-01-09,20:54:54,-08:00,2025-01-09T20:54:54-08:00,0,21
projects\index.html,5,html,6328664f,ryansen,2025-01-09,20:54:54,-08:00,2025-01-09T20:54:54-08:00,0,69
projects\index.html,6,html,6328664f,ryansen,2025-01-09,20:54:54,-08:00,2025-01-09T20:54:54-08:00,0,22
projects\index.html,7,html,3cd57cf4,ryansen,2025-01-17,20:15:32,-08:00,2025-01-17T20:15:32-08:00,0,42
projects\index.html,8,html,7b295c2c,ryansen,2025-02-08,05:11:49,-08:00,2025-02-08T05:11:49-08:00,0,6
projects\index.html,9,html,7b295c2c,ryansen,2025-02-08,05:11:49,-08:00,2025-02-08T05:11:49-08:00,0,36
projects\index.html,10,html,7b295c2c,ryansen,2025-02-08,05:11:49,-08:00,2025-02-08T05:11:49-08:00,0,17
projects\index.html,11,html,7b295c2c,ryansen,2025-02-08,05:11:49,-08:00,2025-02-08T05:11:49-08:00,0,13
projects\index.html,12,html,7b295c2c,ryansen,2025-02-08,05:11:49,-08:00,2025-02-08T05:11:49-08:00,0,22
projects\index.html,13,html,50686565,ryansen,2025-02-08,20:36:38,-08:00,2025-02-08T20:36:38-08:00,0,19
projects\index.html,14,html,50686565,ryansen,2025-02-08,20:36:38,-08:00,2025-02-08T20:36:38-08:00,0,9
projects\index.html,15,html,7b295c2c,ryansen,2025-02-08,05:11:49,-08:00,2025-02-08T05:11:49-08:00,0,0
projects\index.html,16,html,7b295c2c,ryansen,2025-02-08,05:11:49,-08:00,2025-02-08T05:11:49-08:00,0,0
projects\index.html,17,html,7b295c2c,ryansen,2025-02-08,05:11:49,-08:00,2025-02-08T05:11:49-08:00,0,23
projects\index.html,18,html,7b295c2c,ryansen,2025-02-08,05:11:49,-08:00,2025-02-08T05:11:49-08:00,0,8
projects\index.html,19,html,7b295c2c,ryansen,2025-02-08,05:11:49,-08:00,2025-02-08T05:11:49-08:00,0,13
projects\index.html,20,html,7b295c2c,ryansen,2025-02-08,05:11:49,-08:00,2025-02-08T05:11:49-08:00,0,15
projects\index.html,21,html,7b295c2c,ryansen,2025-02-08,05:11:49,-08:00,2025-02-08T05:11:49-08:00,0,9
projects\index.html,22,html,7b295c2c,ryansen,2025-02-08,05:11:49,-08:00,2025-02-08T05:11:49-08:00,0,23
projects\index.html,23,html,7b295c2c,ryansen,2025-02-08,05:11:49,-08:00,2025-02-08T05:11:49-08:00,0,10
projects\index.html,24,html,7b295c2c,ryansen,2025-02-08,05:11:49,-08:00,2025-02-08T05:11:49-08:00,0,21
projects\index.html,25,html,7b295c2c,ryansen,2025-02-08,05:11:49,-08:00,2025-02-08T05:11:49-08:00,0,0
projects\index.html,26,html,7b295c2c,ryansen,2025-02-08,05:11:49,-08:00,2025-02-08T05:11:49-08:00,0,0
projects\index.html,27,html,7b295c2c,ryansen,2025-02-08,05:11:49,-08:00,2025-02-08T05:11:49-08:00,0,11
projects\index.html,28,html,7b295c2c,ryansen,2025-02-08,05:11:49,-08:00,2025-02-08T05:11:49-08:00,0,13
projects\index.html,29,html,7b295c2c,ryansen,2025-02-08,05:11:49,-08:00,2025-02-08T05:11:49-08:00,0,19
projects\index.html,30,html,7b295c2c,ryansen,2025-02-08,05:11:49,-08:00,2025-02-08T05:11:49-08:00,0,8
projects\index.html,31,html,50686565,ryansen,2025-02-08,20:36:38,-08:00,2025-02-08T20:36:38-08:00,0,15
projects\index.html,32,html,7b295c2c,ryansen,2025-02-08,05:11:49,-08:00,2025-02-08T05:11:49-08:00,0,0
projects\index.html,33,html,7b295c2c,ryansen,2025-02-08,05:11:49,-08:00,2025-02-08T05:11:49-08:00,0,0
projects\index.html,34,html,7b295c2c,ryansen,2025-02-08,05:11:49,-08:00,2025-02-08T05:11:49-08:00,0,16
projects\index.html,35,html,7b295c2c,ryansen,2025-02-08,05:11:49,-08:00,2025-02-08T05:11:49-08:00,0,11
projects\index.html,36,html,7b295c2c,ryansen,2025-02-08,05:11:49,-08:00,2025-02-08T05:11:49-08:00,0,12
projects\index.html,37,html,7b295c2c,ryansen,2025-02-08,05:11:49,-08:00,2025-02-08T05:11:49-08:00,0,21
projects\index.html,38,html,7b295c2c,ryansen,2025-02-08,05:11:49,-08:00,2025-02-08T05:11:49-08:00,0,18
projects\index.html,39,html,7b295c2c,ryansen,2025-02-08,05:11:49,-08:00,2025-02-08T05:11:49-08:00,0,30
projects\index.html,40,html,7b295c2c,ryansen,2025-02-08,05:11:49,-08:00,2025-02-08T05:11:49-08:00,0,0
projects\index.html,41,html,50686565,ryansen,2025-02-08,20:36:38,-08:00,2025-02-08T20:36:38-08:00,0,0
projects\index.html,42,html,50686565,ryansen,2025-02-08,20:36:38,-08:00,2025-02-08T20:36:38-08:00,0,22
projects\index.html,43,html,50686565,ryansen,2025-02-08,20:36:38,-08:00,2025-02-08T20:36:38-08:00,0,19
projects\index.html,44,html,50686565,ryansen,2025-02-08,20:36:38,-08:00,2025-02-08T20:36:38-08:00,0,15
projects\index.html,45,html,50686565,ryansen,2025-02-08,20:36:38,-08:00,2025-02-08T20:36:38-08:00,0,17
projects\index.html,46,html,50686565,ryansen,2025-02-08,20:36:38,-08:00,2025-02-08T20:36:38-08:00,0,0
projects\index.html,47,html,50686565,ryansen,2025-02-08,20:36:38,-08:00,2025-02-08T20:36:38-08:00,0,0
projects\index.html,48,html,50686565,ryansen,2025-02-08,20:36:38,-08:00,2025-02-08T20:36:38-08:00,0,28
projects\index.html,49,html,50686565,ryansen,2025-02-08,20:36:38,-08:00,2025-02-08T20:36:38-08:00,0,37
projects\index.html,50,html,50686565,ryansen,2025-02-08,20:36:38,-08:00,2025-02-08T20:36:38-08:00,0,12
projects\index.html,51,html,50686565,ryansen,2025-02-08,20:36:38,-08:00,2025-02-08T20:36:38-08:00,0,0
projects\index.html,52,html,50686565,ryansen,2025-02-08,20:36:38,-08:00,2025-02-08T20:36:38-08:00,0,0
projects\index.html,53,html,50686565,ryansen,2025-02-08,20:36:38,-08:00,2025-02-08T20:36:38-08:00,0,22
projects\index.html,54,html,50686565,ryansen,2025-02-08,20:36:38,-08:00,2025-02-08T20:36:38-08:00,0,5
projects\index.html,55,html,50686565,ryansen,2025-02-08,20:36:38,-08:00,2025-02-08T20:36:38-08:00,0,17
projects\index.html,56,html,50686565,ryansen,2025-02-08,20:36:38,-08:00,2025-02-08T20:36:38-08:00,0,15
projects\index.html,57,html,50686565,ryansen,2025-02-08,20:36:38,-08:00,2025-02-08T20:36:38-08:00,0,0
projects\index.html,58,html,50686565,ryansen,2025-02-08,20:36:38,-08:00,2025-02-08T20:36:38-08:00,0,0
projects\index.html,59,html,50686565,ryansen,2025-02-08,20:36:38,-08:00,2025-02-08T20:36:38-08:00,0,40
projects\index.html,60,html,50686565,ryansen,2025-02-08,20:36:38,-08:00,2025-02-08T20:36:38-08:00,0,10
projects\index.html,61,html,50686565,ryansen,2025-02-08,20:36:38,-08:00,2025-02-08T20:36:38-08:00,0,27
projects\index.html,62,html,50686565,ryansen,2025-02-08,20:36:38,-08:00,2025-02-08T20:36:38-08:00,0,0
projects\index.html,63,html,50686565,ryansen,2025-02-08,20:36:38,-08:00,2025-02-08T20:36:38-08:00,0,0
projects\index.html,64,html,50686565,ryansen,2025-02-08,20:36:38,-08:00,2025-02-08T20:36:38-08:00,0,15
projects\index.html,65,html,50686565,ryansen,2025-02-08,20:36:38,-08:00,2025-02-08T20:36:38-08:00,0,29
projects\index.html,66,html,50686565,ryansen,2025-02-08,20:36:38,-08:00,2025-02-08T20:36:38-08:00,0,0
projects\index.html,67,html,50686565,ryansen,2025-02-08,20:36:38,-08:00,2025-02-08T20:36:38-08:00,0,0
projects\index.html,68,html,50686565,ryansen,2025-02-08,20:36:38,-08:00,2025-02-08T20:36:38-08:00,0,13
projects\index.html,69,html,50686565,ryansen,2025-02-08,20:36:38,-08:00,2025-02-08T20:36:38-08:00,0,17
projects\index.html,70,html,50686565,ryansen,2025-02-08,20:36:38,-08:00,2025-02-08T20:36:38-08:00,0,26
projects\index.html,71,html,50686565,ryansen,2025-02-08,20:36:38,-08:00,2025-02-08T20:36:38-08:00,0,19
projects\index.html,72,html,50686565,ryansen,2025-02-08,20:36:38,-08:00,2025-02-08T20:36:38-08:00,0,0
projects\index.html,73,html,7b295c2c,ryansen,2025-02-08,05:11:49,-08:00,2025-02-08T05:11:49-08:00,0,7
projects\index.html,74,html,6328664f,ryansen,2025-01-09,20:54:54,-08:00,2025-01-09T20:54:54-08:00,0,6
projects\index.html,75,html,6328664f,ryansen,2025-01-09,20:54:54,-08:00,2025-01-09T20:54:54-08:00,0,5
projects\index.html,76,html,7b295c2c,ryansen,2025-02-08,05:11:49,-08:00,2025-02-08T05:11:49-08:00,0,22
projects\index.html,77,html,50686565,ryansen,2025-02-08,20:36:38,-08:00,2025-02-08T20:36:38-08:00,0,5
projects\index.html,78,html,50686565,ryansen,2025-02-08,20:36:38,-08:00,2025-02-08T20:36:38-08:00,0,16
projects\index.html,79,html,50686565,ryansen,2025-02-08,20:36:38,-08:00,2025-02-08T20:36:38-08:00,0,12
projects\index.html,80,html,50686565,ryansen,2025-02-08,20:36:38,-08:00,2025-02-08T20:36:38-08:00,0,27
projects\index.html,81,html,50686565,ryansen,2025-02-08,20:36:38,-08:00,2025-02-08T20:36:38-08:00,0,32
projects\index.html,82,html,50686565,ryansen,2025-02-08,20:36:38,-08:00,2025-02-08T20:36:38-08:00,0,1
projects\index.html,83,html,7b295c2c,ryansen,2025-02-08,05:11:49,-08:00,2025-02-08T05:11:49-08:00,0,59
projects\index.html,84,html,50686565,ryansen,2025-02-08,20:36:38,-08:00,2025-02-08T20:36:38-08:00,0,23
projects\index.html,85,html,7b295c2c,ryansen,2025-02-08,05:11:49,-08:00,2025-02-08T05:11:49-08:00,0,5
projects\index.html,86,html,7b295c2c,ryansen,2025-02-08,05:11:49,-08:00,2025-02-08T05:11:49-08:00,0,0
projects\index.html,87,html,72ac3a58,ryansen,2025-02-01,22:04:24,-08:00,2025-02-01T22:04:24-08:00,0,100
projects\index.html,88,html,72ac3a58,ryansen,2025-02-01,22:04:24,-08:00,2025-02-01T22:04:24-08:00,0,27
projects\index.html,89,html,50686565,ryansen,2025-02-08,20:36:38,-08:00,2025-02-08T20:36:38-08:00,0,0
projects\index.html,90,html,72ac3a58,ryansen,2025-02-01,22:04:24,-08:00,2025-02-01T22:04:24-08:00,0,49
projects\index.html,91,html,72ac3a58,ryansen,2025-02-01,22:04:24,-08:00,2025-02-01T22:04:24-08:00,0,48
projects\index.html,92,html,6328664f,ryansen,2025-01-09,20:54:54,-08:00,2025-01-09T20:54:54-08:00,0,6
projects\index.html,93,html,50686565,ryansen,2025-02-08,20:36:38,-08:00,2025-02-08T20:36:38-08:00,0,6
projects\index.html,94,html,50686565,ryansen,2025-02-08,20:36:38,-08:00,2025-02-08T20:36:38-08:00,0,0
projects\index.html,95,html,50686565,ryansen,2025-02-08,20:36:38,-08:00,2025-02-08T20:36:38-08:00,0,21
projects\index.html,96,html,50686565,ryansen,2025-02-08,20:36:38,-08:00,2025-02-08T20:36:38-08:00,0,56
projects\index.html,97,html,50686565,ryansen,2025-02-08,20:36:38,-08:00,2025-02-08T20:36:38-08:00,0,64
projects\index.html,98,html,50686565,ryansen,2025-02-08,20:36:38,-08:00,2025-02-08T20:36:38-08:00,0,0
projects\index.html,99,html,50686565,ryansen,2025-02-08,20:36:38,-08:00,2025-02-08T20:36:38-08:00,0,14
projects\index.html,100,html,50686565,ryansen,2025-02-08,20:36:38,-08:00,2025-02-08T20:36:38-08:00,0,22
projects\index.html,101,html,50686565,ryansen,2025-02-08,20:36:38,-08:00,2025-02-08T20:36:38-08:00,0,17
projects\index.html,102,html,50686565,ryansen,2025-02-08,20:36:38,-08:00,2025-02-08T20:36:38-08:00,0,16
projects\index.html,103,html,50686565,ryansen,2025-02-08,20:36:38,-08:00,2025-02-08T20:36:38-08:00,0,59
projects\index.html,104,html,50686565,ryansen,2025-02-08,20:36:38,-08:00,2025-02-08T20:36:38-08:00,0,66
projects\index.html,105,html,50686565,ryansen,2025-02-08,20:36:38,-08:00,2025-02-08T20:36:38-08:00,0,54
projects\index.html,106,html,50686565,ryansen,2025-02-08,20:36:38,-08:00,2025-02-08T20:36:38-08:00,0,0
projects\index.html,107,html,50686565,ryansen,2025-02-08,20:36:38,-08:00,2025-02-08T20:36:38-08:00,0,19
projects\index.html,108,html,50686565,ryansen,2025-02-08,20:36:38,-08:00,2025-02-08T20:36:38-08:00,0,48
projects\index.html,109,html,50686565,ryansen,2025-02-08,20:36:38,-08:00,2025-02-08T20:36:38-08:00,0,63
projects\index.html,110,html,50686565,ryansen,2025-02-08,20:36:38,-08:00,2025-02-08T20:36:38-08:00,0,6
projects\index.html,111,html,50686565,ryansen,2025-02-08,20:36:38,-08:00,2025-02-08T20:36:38-08:00,0,0
projects\index.html,112,html,50686565,ryansen,2025-02-08,20:36:38,-08:00,2025-02-08T20:36:38-08:00,0,0
projects\index.html,113,html,50686565,ryansen,2025-02-08,20:36:38,-08:00,2025-02-08T20:36:38-08:00,0,50
projects\index.html,114,html,50686565,ryansen,2025-02-08,20:36:38,-08:00,2025-02-08T20:36:38-08:00,0,42
projects\index.html,115,html,50686565,ryansen,2025-02-08,20:36:38,-08:00,2025-02-08T20:36:38-08:00,0,0
projects\index.html,116,html,50686565,ryansen,2025-02-08,20:36:38,-08:00,2025-02-08T20:36:38-08:00,0,49
projects\index.html,117,html,50686565,ryansen,2025-02-08,20:36:38,-08:00,2025-02-08T20:36:38-08:00,0,49
projects\index.html,118,html,50686565,ryansen,2025-02-08,20:36:38,-08:00,2025-02-08T20:36:38-08:00,0,24
projects\index.html,119,html,50686565,ryansen,2025-02-08,20:36:38,-08:00,2025-02-08T20:36:38-08:00,0,4
projects\index.html,120,html,50686565,ryansen,2025-02-08,20:36:38,-08:00,2025-02-08T20:36:38-08:00,0,0
projects\index.html,121,html,50686565,ryansen,2025-02-08,20:36:38,-08:00,2025-02-08T20:36:38-08:00,0,37
projects\index.html,122,html,50686565,ryansen,2025-02-08,20:36:38,-08:00,2025-02-08T20:36:38-08:00,0,49
projects\index.html,123,html,50686565,ryansen,2025-02-08,20:36:38,-08:00,2025-02-08T20:36:38-08:00,0,40
projects\index.html,124,html,50686565,ryansen,2025-02-08,20:36:38,-08:00,2025-02-08T20:36:38-08:00,0,39
projects\index.html,125,html,50686565,ryansen,2025-02-08,20:36:38,-08:00,2025-02-08T20:36:38-08:00,0,57
projects\index.html,126,html,50686565,ryansen,2025-02-08,20:36:38,-08:00,2025-02-08T20:36:38-08:00,0,32
projects\index.html,127,html,50686565,ryansen,2025-02-08,20:36:38,-08:00,2025-02-08T20:36:38-08:00,0,2
projects\index.html,128,html,50686565,ryansen,2025-02-08,20:36:38,-08:00,2025-02-08T20:36:38-08:00,0,0
projects\index.html,129,html,50686565,ryansen,2025-02-08,20:36:38,-08:00,2025-02-08T20:36:38-08:00,0,79
projects\index.html,130,html,50686565,ryansen,2025-02-08,20:36:38,-08:00,2025-02-08T20:36:38-08:00,0,26
projects\index.html,131,html,50686565,ryansen,2025-02-08,20:36:38,-08:00,2025-02-08T20:36:38-08:00,0,23
projects\index.html,132,html,50686565,ryansen,2025-02-08,20:36:38,-08:00,2025-02-08T20:36:38-08:00,0,0
projects\index.html,133,html,50686565,ryansen,2025-02-08,20:36:38,-08:00,2025-02-08T20:36:38-08:00,0,21
projects\index.html,134,html,50686565,ryansen,2025-02-08,20:36:38,-08:00,2025-02-08T20:36:38-08:00,0,11
projects\index.html,135,html,50686565,ryansen,2025-02-08,20:36:38,-08:00,2025-02-08T20:36:38-08:00,0,38
projects\index.html,136,html,50686565,ryansen,2025-02-08,20:36:38,-08:00,2025-02-08T20:36:38-08:00,0,60
projects\index.html,137,html,50686565,ryansen,2025-02-08,20:36:38,-08:00,2025-02-08T20:36:38-08:00,0,29
projects\index.html,138,html,50686565,ryansen,2025-02-08,20:36:38,-08:00,2025-02-08T20:36:38-08:00,0,2
projects\index.html,139,html,50686565,ryansen,2025-02-08,20:36:38,-08:00,2025-02-08T20:36:38-08:00,0,0
projects\index.html,140,html,50686565,ryansen,2025-02-08,20:36:38,-08:00,2025-02-08T20:36:38-08:00,0,0
projects\index.html,141,html,50686565,ryansen,2025-02-08,20:36:38,-08:00,2025-02-08T20:36:38-08:00,0,60
projects\index.html,142,html,50686565,ryansen,2025-02-08,20:36:38,-08:00,2025-02-08T20:36:38-08:00,0,60
projects\index.html,143,html,50686565,ryansen,2025-02-08,20:36:38,-08:00,2025-02-08T20:36:38-08:00,0,47
projects\index.html,144,html,50686565,ryansen,2025-02-08,20:36:38,-08:00,2025-02-08T20:36:38-08:00,0,64
projects\index.html,145,html,50686565,ryansen,2025-02-08,20:36:38,-08:00,2025-02-08T20:36:38-08:00,0,0
projects\index.html,146,html,50686565,ryansen,2025-02-08,20:36:38,-08:00,2025-02-08T20:36:38-08:00,0,0
projects\index.html,147,html,50686565,ryansen,2025-02-08,20:36:38,-08:00,2025-02-08T20:36:38-08:00,0,15
projects\index.html,148,html,50686565,ryansen,2025-02-08,20:36:38,-08:00,2025-02-08T20:36:38-08:00,0,0
projects\index.html,149,html,50686565,ryansen,2025-02-08,20:36:38,-08:00,2025-02-08T20:36:38-08:00,0,0
projects\index.html,150,html,50686565,ryansen,2025-02-08,20:36:38,-08:00,2025-02-08T20:36:38-08:00,0,27
projects\index.html,151,html,50686565,ryansen,2025-02-08,20:36:38,-08:00,2025-02-08T20:36:38-08:00,0,39
projects\index.html,152,html,50686565,ryansen,2025-02-08,20:36:38,-08:00,2025-02-08T20:36:38-08:00,0,50
projects\index.html,153,html,50686565,ryansen,2025-02-08,20:36:38,-08:00,2025-02-08T20:36:38-08:00,0,56
projects\index.html,154,html,50686565,ryansen,2025-02-08,20:36:38,-08:00,2025-02-08T20:36:38-08:00,0,6
projects\index.html,155,html,50686565,ryansen,2025-02-08,20:36:38,-08:00,2025-02-08T20:36:38-08:00,0,0
projects\index.html,156,html,50686565,ryansen,2025-02-08,20:36:38,-08:00,2025-02-08T20:36:38-08:00,0,0
projects\index.html,157,html,50686565,ryansen,2025-02-08,20:36:38,-08:00,2025-02-08T20:36:38-08:00,0,37
projects\index.html,158,html,50686565,ryansen,2025-02-08,20:36:38,-08:00,2025-02-08T20:36:38-08:00,0,20
projects\index.html,159,html,50686565,ryansen,2025-02-08,20:36:38,-08:00,2025-02-08T20:36:38-08:00,0,13
projects\index.html,160,html,50686565,ryansen,2025-02-08,20:36:38,-08:00,2025-02-08T20:36:38-08:00,0,15
projects\index.html,161,html,50686565,ryansen,2025-02-08,20:36:38,-08:00,2025-02-08T20:36:38-08:00,0,12
projects\index.html,162,html,50686565,ryansen,2025-02-08,20:36:38,-08:00,2025-02-08T20:36:38-08:00,0,26
projects\index.html,163,html,50686565,ryansen,2025-02-08,20:36:38,-08:00,2025-02-08T20:36:38-08:00,0,12
projects\index.html,164,html,50686565,ryansen,2025-02-08,20:36:38,-08:00,2025-02-08T20:36:38-08:00,0,18
projects\index.html,165,html,50686565,ryansen,2025-02-08,20:36:38,-08:00,2025-02-08T20:36:38-08:00,0,3
projects\index.html,166,html,50686565,ryansen,2025-02-08,20:36:38,-08:00,2025-02-08T20:36:38-08:00,0,0
projects\index.html,167,html,50686565,ryansen,2025-02-08,20:36:38,-08:00,2025-02-08T20:36:38-08:00,0,15
projects\index.html,168,html,50686565,ryansen,2025-02-08,20:36:38,-08:00,2025-02-08T20:36:38-08:00,0,62
projects\index.html,169,html,50686565,ryansen,2025-02-08,20:36:38,-08:00,2025-02-08T20:36:38-08:00,0,49
projects\index.html,170,html,50686565,ryansen,2025-02-08,20:36:38,-08:00,2025-02-08T20:36:38-08:00,0,35
projects\index.html,171,html,50686565,ryansen,2025-02-08,20:36:38,-08:00,2025-02-08T20:36:38-08:00,0,0
projects\index.html,172,html,50686565,ryansen,2025-02-08,20:36:38,-08:00,2025-02-08T20:36:38-08:00,0,41
projects\index.html,173,html,50686565,ryansen,2025-02-08,20:36:38,-08:00,2025-02-08T20:36:38-08:00,0,55
projects\index.html,174,html,50686565,ryansen,2025-02-08,20:36:38,-08:00,2025-02-08T20:36:38-08:00,0,0
projects\index.html,175,html,50686565,ryansen,2025-02-08,20:36:38,-08:00,2025-02-08T20:36:38-08:00,0,48
projects\index.html,176,html,50686565,ryansen,2025-02-08,20:36:38,-08:00,2025-02-08T20:36:38-08:00,0,0
projects\index.html,177,html,50686565,ryansen,2025-02-08,20:36:38,-08:00,2025-02-08T20:36:38-08:00,0,23
projects\index.html,178,html,50686565,ryansen,2025-02-08,20:36:38,-08:00,2025-02-08T20:36:38-08:00,0,33
projects\index.html,179,html,50686565,ryansen,2025-02-08,20:36:38,-08:00,2025-02-08T20:36:38-08:00,0,13
projects\index.html,180,html,50686565,ryansen,2025-02-08,20:36:38,-08:00,2025-02-08T20:36:38-08:00,0,7
projects\index.html,181,html,50686565,ryansen,2025-02-08,20:36:38,-08:00,2025-02-08T20:36:38-08:00,0,14
projects\index.html,182,html,50686565,ryansen,2025-02-08,20:36:38,-08:00,2025-02-08T20:36:38-08:00,0,23
projects\index.html,183,html,50686565,ryansen,2025-02-08,20:36:38,-08:00,2025-02-08T20:36:38-08:00,0,33
projects\index.html,184,html,50686565,ryansen,2025-02-08,20:36:38,-08:00,2025-02-08T20:36:38-08:00,0,22
projects\index.html,185,html,50686565,ryansen,2025-02-08,20:36:38,-08:00,2025-02-08T20:36:38-08:00,0,23
projects\index.html,186,html,50686565,ryansen,2025-02-08,20:36:38,-08:00,2025-02-08T20:36:38-08:00,0,22
projects\index.html,187,html,50686565,ryansen,2025-02-08,20:36:38,-08:00,2025-02-08T20:36:38-08:00,0,33
projects\index.html,188,html,50686565,ryansen,2025-02-08,20:36:38,-08:00,2025-02-08T20:36:38-08:00,0,73
projects\index.html,189,html,50686565,ryansen,2025-02-08,20:36:38,-08:00,2025-02-08T20:36:38-08:00,0,86
projects\index.html,190,html,50686565,ryansen,2025-02-08,20:36:38,-08:00,2025-02-08T20:36:38-08:00,0,0
projects\index.html,191,html,50686565,ryansen,2025-02-08,20:36:38,-08:00,2025-02-08T20:36:38-08:00,0,26
projects\index.html,192,html,50686565,ryansen,2025-02-08,20:36:38,-08:00,2025-02-08T20:36:38-08:00,0,53
projects\index.html,193,html,50686565,ryansen,2025-02-08,20:36:38,-08:00,2025-02-08T20:36:38-08:00,0,0
projects\index.html,194,html,50686565,ryansen,2025-02-08,20:36:38,-08:00,2025-02-08T20:36:38-08:00,0,54
projects\index.html,195,html,50686565,ryansen,2025-02-08,20:36:38,-08:00,2025-02-08T20:36:38-08:00,0,57
projects\index.html,196,html,50686565,ryansen,2025-02-08,20:36:38,-08:00,2025-02-08T20:36:38-08:00,0,2
projects\index.html,197,html,50686565,ryansen,2025-02-08,20:36:38,-08:00,2025-02-08T20:36:38-08:00,0,0
projects\index.html,198,html,50686565,ryansen,2025-02-08,20:36:38,-08:00,2025-02-08T20:36:38-08:00,0,17
projects\index.html,199,html,50686565,ryansen,2025-02-08,20:36:38,-08:00,2025-02-08T20:36:38-08:00,0,33
projects\index.html,200,html,50686565,ryansen,2025-02-08,20:36:38,-08:00,2025-02-08T20:36:38-08:00,0,55
projects\index.html,201,html,50686565,ryansen,2025-02-08,20:36:38,-08:00,2025-02-08T20:36:38-08:00,0,0
projects\index.html,202,html,50686565,ryansen,2025-02-08,20:36:38,-08:00,2025-02-08T20:36:38-08:00,0,39
projects\index.html,203,html,50686565,ryansen,2025-02-08,20:36:38,-08:00,2025-02-08T20:36:38-08:00,0,13
projects\index.html,204,html,50686565,ryansen,2025-02-08,20:36:38,-08:00,2025-02-08T20:36:38-08:00,0,7
projects\index.html,205,html,50686565,ryansen,2025-02-08,20:36:38,-08:00,2025-02-08T20:36:38-08:00,0,12
projects\index.html,206,html,50686565,ryansen,2025-02-08,20:36:38,-08:00,2025-02-08T20:36:38-08:00,0,51
projects\index.html,207,html,50686565,ryansen,2025-02-08,20:36:38,-08:00,2025-02-08T20:36:38-08:00,0,76
projects\index.html,208,html,50686565,ryansen,2025-02-08,20:36:38,-08:00,2025-02-08T20:36:38-08:00,0,33
projects\index.html,209,html,50686565,ryansen,2025-02-08,20:36:38,-08:00,2025-02-08T20:36:38-08:00,0,68
projects\index.html,210,html,50686565,ryansen,2025-02-08,20:36:38,-08:00,2025-02-08T20:36:38-08:00,0,86
projects\index.html,211,html,50686565,ryansen,2025-02-08,20:36:38,-08:00,2025-02-08T20:36:38-08:00,0,0
projects\index.html,212,html,50686565,ryansen,2025-02-08,20:36:38,-08:00,2025-02-08T20:36:38-08:00,0,26
projects\index.html,213,html,50686565,ryansen,2025-02-08,20:36:38,-08:00,2025-02-08T20:36:38-08:00,0,53
projects\index.html,214,html,50686565,ryansen,2025-02-08,20:36:38,-08:00,2025-02-08T20:36:38-08:00,0,0
projects\index.html,215,html,50686565,ryansen,2025-02-08,20:36:38,-08:00,2025-02-08T20:36:38-08:00,0,54
projects\index.html,216,html,50686565,ryansen,2025-02-08,20:36:38,-08:00,2025-02-08T20:36:38-08:00,0,57
projects\index.html,217,html,50686565,ryansen,2025-02-08,20:36:38,-08:00,2025-02-08T20:36:38-08:00,0,2
projects\index.html,218,html,50686565,ryansen,2025-02-08,20:36:38,-08:00,2025-02-08T20:36:38-08:00,0,0
projects\index.html,219,html,50686565,ryansen,2025-02-08,20:36:38,-08:00,2025-02-08T20:36:38-08:00,0,25
projects\index.html,220,html,50686565,ryansen,2025-02-08,20:36:38,-08:00,2025-02-08T20:36:38-08:00,0,53
projects\index.html,221,html,50686565,ryansen,2025-02-08,20:36:38,-08:00,2025-02-08T20:36:38-08:00,0,0
projects\index.html,222,html,50686565,ryansen,2025-02-08,20:36:38,-08:00,2025-02-08T20:36:38-08:00,0,0
projects\index.html,223,html,50686565,ryansen,2025-02-08,20:36:38,-08:00,2025-02-08T20:36:38-08:00,0,65
projects\index.html,224,html,50686565,ryansen,2025-02-08,20:36:38,-08:00,2025-02-08T20:36:38-08:00,0,60
projects\index.html,225,html,50686565,ryansen,2025-02-08,20:36:38,-08:00,2025-02-08T20:36:38-08:00,0,28
projects\index.html,226,html,50686565,ryansen,2025-02-08,20:36:38,-08:00,2025-02-08T20:36:38-08:00,0,27
projects\index.html,227,html,50686565,ryansen,2025-02-08,20:36:38,-08:00,2025-02-08T20:36:38-08:00,0,36
projects\index.html,228,html,50686565,ryansen,2025-02-08,20:36:38,-08:00,2025-02-08T20:36:38-08:00,0,37
projects\index.html,229,html,50686565,ryansen,2025-02-08,20:36:38,-08:00,2025-02-08T20:36:38-08:00,0,73
projects\index.html,230,html,50686565,ryansen,2025-02-08,20:36:38,-08:00,2025-02-08T20:36:38-08:00,0,2
projects\index.html,231,html,50686565,ryansen,2025-02-08,20:36:38,-08:00,2025-02-08T20:36:38-08:00,0,0
projects\index.html,232,html,50686565,ryansen,2025-02-08,20:36:38,-08:00,2025-02-08T20:36:38-08:00,0,33
projects\index.html,233,html,50686565,ryansen,2025-02-08,20:36:38,-08:00,2025-02-08T20:36:38-08:00,0,56
projects\index.html,234,html,50686565,ryansen,2025-02-08,20:36:38,-08:00,2025-02-08T20:36:38-08:00,0,2
projects\index.html,235,html,50686565,ryansen,2025-02-08,20:36:38,-08:00,2025-02-08T20:36:38-08:00,0,0
projects\index.html,236,html,937b9d63,ryansen,2025-02-08,20:50:39,-08:00,2025-02-08T20:50:39-08:00,0,4
projects\index.html,237,html,50686565,ryansen,2025-02-08,20:36:38,-08:00,2025-02-08T20:36:38-08:00,0,8
contact\index.html,1,html,63753160,ryansen,2025-01-09,19:41:45,-08:00,2025-01-09T19:41:45-08:00,0,14
contact\index.html,2,html,63753160,ryansen,2025-01-09,19:41:45,-08:00,2025-01-09T19:41:45-08:00,0,15
contact\index.html,3,html,63753160,ryansen,2025-01-09,19:41:45,-08:00,2025-01-09T19:41:45-08:00,0,5
contact\index.html,4,html,ffdd8eb3,ryansen,2025-01-24,23:45:37,-08:00,2025-01-24T23:45:37-08:00,0,49
contact\index.html,5,html,63753160,ryansen,2025-01-09,19:41:45,-08:00,2025-01-09T19:41:45-08:00,0,21
contact\index.html,6,html,63753160,ryansen,2025-01-09,19:41:45,-08:00,2025-01-09T19:41:45-08:00,0,69
contact\index.html,7,html,63753160,ryansen,2025-01-09,19:41:45,-08:00,2025-01-09T19:41:45-08:00,0,21
contact\index.html,8,html,3cd57cf4,ryansen,2025-01-17,20:15:32,-08:00,2025-01-17T20:15:32-08:00,0,42
contact\index.html,9,html,19f36637,ryansen,2025-01-17,19:54:19,-08:00,2025-01-17T19:54:19-08:00,0,6
contact\index.html,10,html,88c7778e,ryansen,2025-01-17,22:52:38,-08:00,2025-01-17T22:52:38-08:00,0,0
contact\index.html,11,html,19f36637,ryansen,2025-01-17,19:54:19,-08:00,2025-01-17T19:54:19-08:00,0,4
contact\index.html,12,html,19f36637,ryansen,2025-01-17,19:54:19,-08:00,2025-01-17T19:54:19-08:00,0,0
contact\index.html,13,html,19f36637,ryansen,2025-01-17,19:54:19,-08:00,2025-01-17T19:54:19-08:00,0,0
contact\index.html,14,html,ef4ad09a,ryansen,2025-01-17,22:08:17,-08:00,2025-01-17T22:08:17-08:00,0,7
contact\index.html,15,html,63753160,ryansen,2025-01-09,19:41:45,-08:00,2025-01-09T19:41:45-08:00,0,6
contact\index.html,16,html,63753160,ryansen,2025-01-09,19:41:45,-08:00,2025-01-09T19:41:45-08:00,0,5
contact\index.html,17,html,63753160,ryansen,2025-01-09,19:41:45,-08:00,2025-01-09T19:41:45-08:00,0,15
contact\index.html,18,html,63753160,ryansen,2025-01-09,19:41:45,-08:00,2025-01-09T19:41:45-08:00,0,0
contact\index.html,19,html,63753160,ryansen,2025-01-09,19:41:45,-08:00,2025-01-09T19:41:45-08:00,0,10
contact\index.html,20,html,63753160,ryansen,2025-01-09,19:41:45,-08:00,2025-01-09T19:41:45-08:00,0,0
contact\index.html,21,html,f9e4e2cd,ryansen,2025-01-09,23:16:13,-08:00,2025-01-09T23:16:13-08:00,0,91
contact\index.html,22,html,f9e4e2cd,ryansen,2025-01-09,23:16:13,-08:00,2025-01-09T23:16:13-08:00,0,0
contact\index.html,23,html,f9e4e2cd,ryansen,2025-01-09,23:16:13,-08:00,2025-01-09T23:16:13-08:00,0,10
contact\index.html,24,html,f9e4e2cd,ryansen,2025-01-09,23:16:13,-08:00,2025-01-09T23:16:13-08:00,0,0
contact\index.html,25,html,eaf8b500,ryansen,2025-01-09,23:27:24,-08:00,2025-01-09T23:27:24-08:00,0,45
contact\index.html,26,html,f9e4e2cd,ryansen,2025-01-09,23:16:13,-08:00,2025-01-09T23:16:13-08:00,0,44
contact\index.html,27,html,0d071ce5,ryansen,2025-01-09,23:30:19,-08:00,2025-01-09T23:30:19-08:00,0,10
contact\index.html,28,html,7f2d6d64,ryansen,2025-01-09,23:19:35,-08:00,2025-01-09T23:19:35-08:00,0,0
contact\index.html,29,html,914bbf1e,ryansen,2025-01-10,00:59:20,-08:00,2025-01-10T00:59:20-08:00,0,36
contact\index.html,30,html,88c7778e,ryansen,2025-01-17,22:52:38,-08:00,2025-01-17T22:52:38-08:00,0,49
contact\index.html,31,html,0d071ce5,ryansen,2025-01-09,23:30:19,-08:00,2025-01-09T23:30:19-08:00,0,10
contact\index.html,32,html,f9e4e2cd,ryansen,2025-01-09,23:16:13,-08:00,2025-01-09T23:16:13-08:00,0,0
contact\index.html,33,html,eaf8b500,ryansen,2025-01-09,23:27:24,-08:00,2025-01-09T23:27:24-08:00,0,30
contact\index.html,34,html,88c7778e,ryansen,2025-01-17,22:52:38,-08:00,2025-01-17T22:52:38-08:00,0,54
contact\index.html,35,html,60783145,ryansen,2025-01-10,19:51:54,-08:00,2025-01-10T19:51:54-08:00,0,10
contact\index.html,36,html,60783145,ryansen,2025-01-10,19:51:54,-08:00,2025-01-10T19:51:54-08:00,0,22
contact\index.html,37,html,f9e4e2cd,ryansen,2025-01-09,23:16:13,-08:00,2025-01-09T23:16:13-08:00,0,0
contact\index.html,38,html,63753160,ryansen,2025-01-09,19:41:45,-08:00,2025-01-09T19:41:45-08:00,0,6
contact\index.html,39,html,63753160,ryansen,2025-01-09,19:41:45,-08:00,2025-01-09T19:41:45-08:00,0,6
